timestamp,day,phase,temperature_active1,temperature_active2,temperature_curing1,temperature_curing2,moisture_active1,moisture_active2,moisture_curing1,moisture_curing2,oxygen,co2,methane_ppm,aeration_on
2025-01-01 00:00:00,0,active,55.03,53.92,,,58.66,57.51,,,16.01,13.57,21.4,1
2025-01-01 01:00:00,0,active,54.85,52.9,,,58.7,57.54,,,15.73,13.76,20.65,0
2025-01-01 02:00:00,0,active,55.52,53.32,,,59.58,59.18,,,15.63,14.31,28.13,0
2025-01-01 03:00:00,0,active,56.24,54.77,,,60.19,57.93,,,15.94,14.68,11.56,0
2025-01-01 04:00:00,0,active,55.38,54.62,,,58.23,58.37,,,16.97,15.21,2.56,0
2025-01-01 05:00:00,0,active,55.58,54.61,,,59.55,57.4,,,17.17,15.96,21.57,0
2025-01-01 06:00:00,0,active,56.87,54.93,,,59.51,57.38,,,18.85,14.56,22.81,1
2025-01-01 07:00:00,0,active,56.58,55.33,,,60.63,58.47,,,17.79,15.23,34.9,0
2025-01-01 08:00:00,0,active,56.04,55.0,,,59.54,56.99,,,18.04,15.99,7.3,0
2025-01-01 09:00:00,0,active,56.85,55.06,,,59.97,57.53,,,17.35,16.49,31.55,0
2025-01-01 10:00:00,0,active,56.45,55.84,,,59.79,57.77,,,18.71,16.35,43.67,0
2025-01-01 11:00:00,0,active,56.65,55.34,,,58.4,57.79,,,17.75,16.27,16.22,0
2025-01-01 12:00:00,0,active,57.28,56.38,,,60.11,57.59,,,18.88,16.26,7.09,1
2025-01-01 13:00:00,0,active,56.18,55.31,,,59.75,57.91,,,16.96,17.2,15.93,0
2025-01-01 14:00:00,0,active,56.5,57.15,,,59.9,58.07,,,17.05,16.92,20.14,0
2025-01-01 15:00:00,0,active,57.4,57.02,,,61.92,58.07,,,15.98,17.56,25.64,0
2025-01-01 16:00:00,0,active,57.33,57.09,,,58.28,57.01,,,16.21,17.97,14.09,0
2025-01-01 17:00:00,0,active,58.33,57.73,,,60.54,57.4,,,15.38,18.25,35.55,0
2025-01-01 18:00:00,0,active,57.79,58.34,,,59.3,58.27,,,16.01,17.3,8.85,1
2025-01-01 19:00:00,0,active,57.69,58.15,,,59.62,58.06,,,14.76,18.23,2.61,0
2025-01-01 20:00:00,0,active,59.62,56.63,,,59.39,56.68,,,13.48,18.92,31.07,0
2025-01-01 21:00:00,0,active,58.8,57.17,,,59.13,57.69,,,13.23,18.4,0.0,0
2025-01-01 22:00:00,0,active,59.17,57.76,,,59.02,56.26,,,13.25,19.1,17.96,0
2025-01-01 23:00:00,0,active,58.47,58.34,,,59.53,57.45,,,13.54,18.76,51.18,0
2025-01-02 00:00:00,1,active,59.2,58.83,,,58.39,58.54,,,13.35,18.89,19.88,1
2025-01-02 01:00:00,1,active,59.78,58.28,,,59.72,56.81,,,12.42,19.49,8.79,0
2025-01-02 02:00:00,1,active,59.22,59.02,,,58.99,56.85,,,12.0,20.0,19.43,0
2025-01-02 03:00:00,1,active,60.32,58.64,,,58.53,57.78,,,12.78,20.0,19.49,0
2025-01-02 04:00:00,1,active,59.92,58.92,,,58.91,56.37,,,11.35,19.75,21.61,0
2025-01-02 05:00:00,1,active,60.3,58.63,,,59.91,56.9,,,12.22,20.0,26.62,0
2025-01-02 06:00:00,1,active,60.29,59.1,,,58.8,57.61,,,12.75,19.2,9.61,1
2025-01-02 07:00:00,1,active,61.95,59.02,,,59.31,56.84,,,11.7,20.0,36.88,0
2025-01-02 08:00:00,1,active,61.01,59.43,,,58.63,57.06,,,13.19,20.0,22.45,0
2025-01-02 09:00:00,1,active,60.56,60.82,,,59.49,57.62,,,13.56,20.0,27.27,0
2025-01-02 10:00:00,1,active,61.86,59.8,,,59.42,57.4,,,13.86,20.0,13.72,0
2025-01-02 11:00:00,1,active,60.8,62.12,,,60.09,57.29,,,14.44,20.0,32.86,0
2025-01-02 12:00:00,1,active,61.83,61.0,,,58.84,56.9,,,17.24,19.2,17.43,1
2025-01-02 13:00:00,1,active,60.7,60.98,,,59.32,57.3,,,15.42,20.0,22.78,0
2025-01-02 14:00:00,1,active,61.24,60.52,,,58.95,56.98,,,16.23,20.0,10.67,0
2025-01-02 15:00:00,1,active,62.31,61.61,,,59.64,57.3,,,16.24,20.0,10.03,0
2025-01-02 16:00:00,1,active,62.79,61.0,,,58.4,56.7,,,17.05,20.0,26.88,0
2025-01-02 17:00:00,1,active,62.6,61.57,,,59.25,56.87,,,17.2,20.0,15.56,0
2025-01-02 18:00:00,1,active,62.58,63.19,,,58.66,56.36,,,18.43,19.2,11.46,1
2025-01-02 19:00:00,1,active,62.61,61.74,,,58.71,56.9,,,18.55,20.0,13.57,0
2025-01-02 20:00:00,1,active,62.05,62.63,,,58.77,56.41,,,18.43,20.0,26.99,0
2025-01-02 21:00:00,1,active,62.64,61.65,,,58.84,56.21,,,18.05,20.0,13.71,0
2025-01-02 22:00:00,1,active,62.93,62.19,,,58.59,57.01,,,17.03,20.0,18.82,0
2025-01-02 23:00:00,1,active,63.97,63.4,,,58.76,56.95,,,17.67,20.0,20.15,0
2025-01-03 00:00:00,2,active,63.67,62.09,,,59.55,57.27,,,19.68,19.2,0.83,1
2025-01-03 01:00:00,2,active,62.53,63.67,,,59.16,56.52,,,17.21,20.0,5.29,0
2025-01-03 02:00:00,2,active,63.89,63.12,,,59.06,56.99,,,17.37,20.0,23.36,0
2025-01-03 03:00:00,2,active,63.58,62.47,,,58.24,57.06,,,17.08,20.0,12.63,0
2025-01-03 04:00:00,2,active,63.51,63.3,,,57.95,56.97,,,16.11,20.0,30.57,0
2025-01-03 05:00:00,2,active,64.39,63.61,,,59.03,56.18,,,15.18,20.0,29.67,0
2025-01-03 06:00:00,2,active,64.74,63.49,,,58.95,56.74,,,15.03,19.2,27.19,1
2025-01-03 07:00:00,2,active,64.77,62.27,,,59.28,56.84,,,14.75,20.0,38.2,0
2025-01-03 08:00:00,2,active,63.8,62.87,,,58.0,56.6,,,13.65,20.0,19.17,0
2025-01-03 09:00:00,2,active,64.2,63.24,,,58.2,55.32,,,13.57,20.0,26.49,0
2025-01-03 10:00:00,2,active,64.66,63.42,,,57.32,56.65,,,12.57,20.0,14.16,0
2025-01-03 11:00:00,2,active,65.12,63.91,,,58.04,57.85,,,12.6,20.0,44.52,0
2025-01-03 12:00:00,2,active,64.32,63.71,,,58.85,56.28,,,13.42,19.2,39.84,1
2025-01-03 13:00:00,2,active,64.56,62.87,,,57.94,56.04,,,12.29,19.72,20.12,0
2025-01-03 14:00:00,2,active,64.06,63.95,,,58.58,56.67,,,11.6,19.83,23.87,0
2025-01-03 15:00:00,2,active,64.06,64.14,,,58.05,56.61,,,12.48,20.0,33.59,0
2025-01-03 16:00:00,2,active,65.31,64.16,,,58.33,57.12,,,11.81,20.0,18.53,0
2025-01-03 17:00:00,2,active,65.68,64.51,,,57.42,55.62,,,11.51,19.69,13.43,0
2025-01-03 18:00:00,2,active,64.86,64.4,,,58.13,56.79,,,13.36,18.33,28.74,1
2025-01-03 19:00:00,2,active,65.53,64.21,,,56.25,56.68,,,12.72,19.14,20.78,0
2025-01-03 20:00:00,2,active,65.17,63.91,,,57.9,56.21,,,13.14,19.29,21.83,0
2025-01-03 21:00:00,2,active,64.59,62.98,,,57.01,56.48,,,14.04,19.12,11.66,0
2025-01-03 22:00:00,2,active,65.21,64.25,,,58.68,56.87,,,13.88,18.71,2.82,0
2025-01-03 23:00:00,2,active,65.92,64.12,,,58.4,56.75,,,14.43,18.83,22.36,0
2025-01-04 00:00:00,3,active,64.98,64.16,,,58.18,55.51,,,15.56,17.56,29.05,1
2025-01-04 01:00:00,3,active,65.94,63.23,,,58.78,56.67,,,15.85,17.77,17.74,0
2025-01-04 02:00:00,3,active,63.42,63.34,,,57.27,56.11,,,16.1,17.66,34.36,0
2025-01-04 03:00:00,3,active,65.47,64.61,,,58.86,56.17,,,16.33,17.07,12.96,0
2025-01-04 04:00:00,3,active,65.01,63.93,,,58.34,56.14,,,16.17,17.2,9.45,0
2025-01-04 05:00:00,3,active,64.75,64.34,,,57.61,55.98,,,17.88,17.3,19.33,0
2025-01-04 06:00:00,3,active,64.96,63.92,,,58.41,56.77,,,18.11,16.11,19.17,1
2025-01-04 07:00:00,3,active,63.67,63.88,,,57.03,55.97,,,17.58,16.85,27.7,0
2025-01-04 08:00:00,3,active,64.69,64.39,,,57.17,55.33,,,18.1,16.07,12.25,0
2025-01-04 09:00:00,3,active,64.99,63.47,,,57.27,55.74,,,17.52,16.3,33.68,0
2025-01-04 10:00:00,3,active,65.61,63.78,,,57.29,56.06,,,17.36,15.56,39.67,0
2025-01-04 11:00:00,3,active,64.36,63.39,,,56.95,56.66,,,16.97,15.79,19.61,0
2025-01-04 12:00:00,3,active,64.12,63.34,,,58.28,56.26,,,18.89,14.27,32.5,1
2025-01-04 13:00:00,3,active,64.23,63.35,,,57.37,55.36,,,17.08,15.01,9.44,0
2025-01-04 14:00:00,3,active,65.01,63.6,,,57.7,57.34,,,18.1,14.97,30.75,0
2025-01-04 15:00:00,3,active,64.58,63.1,,,57.12,55.98,,,16.1,14.2,30.47,0
2025-01-04 16:00:00,3,active,63.98,64.05,,,56.34,56.57,,,15.66,14.05,28.63,0
2025-01-04 17:00:00,3,active,64.52,62.68,,,57.57,55.68,,,15.29,14.1,19.84,0
2025-01-04 18:00:00,3,active,64.18,63.01,,,56.23,56.07,,,16.1,12.61,0.0,1
2025-01-04 19:00:00,3,active,64.6,62.76,,,57.3,56.23,,,14.29,12.79,13.58,0
2025-01-04 20:00:00,3,active,63.5,63.79,,,56.5,56.43,,,14.22,13.56,13.74,0
2025-01-04 21:00:00,3,active,63.62,62.93,,,58.48,56.31,,,13.11,12.52,10.22,0
2025-01-04 22:00:00,3,active,63.46,63.32,,,57.81,56.17,,,12.52,12.45,21.22,0
2025-01-04 23:00:00,3,active,62.71,61.69,,,57.29,55.44,,,11.98,12.5,15.81,0
2025-01-05 00:00:00,4,active,63.64,62.62,,,57.96,55.26,,,12.51,10.92,11.75,1
2025-01-05 01:00:00,4,active,63.49,62.87,,,56.66,55.77,,,11.97,11.35,9.41,0
2025-01-05 02:00:00,4,active,63.21,62.26,,,57.47,56.11,,,11.93,11.49,12.84,0
2025-01-05 03:00:00,4,active,62.93,62.71,,,57.23,55.39,,,11.75,10.63,31.21,0
2025-01-05 04:00:00,4,active,62.09,61.63,,,57.24,56.14,,,12.54,10.85,13.39,0
2025-01-05 05:00:00,4,active,62.54,62.64,,,57.82,56.35,,,12.67,10.78,14.85,0
2025-01-05 06:00:00,4,active,62.44,63.03,,,57.46,54.9,,,13.27,9.6,15.43,1
2025-01-05 07:00:00,4,active,62.02,61.28,,,57.17,54.92,,,11.98,9.8,23.39,0
2025-01-05 08:00:00,4,active,62.25,61.08,,,55.97,55.32,,,12.84,10.53,24.56,0
2025-01-05 09:00:00,4,active,62.44,62.06,,,56.36,55.56,,,13.26,9.87,0.0,0
2025-01-05 10:00:00,4,active,63.17,61.98,,,56.83,55.04,,,13.71,10.06,30.22,0
2025-01-05 11:00:00,4,active,61.98,60.56,,,56.94,56.14,,,14.2,9.36,34.36,0
2025-01-05 12:00:00,4,active,61.86,60.45,,,56.17,55.55,,,15.74,8.17,9.5,1
2025-01-05 13:00:00,4,active,61.49,60.37,,,58.27,55.3,,,15.37,9.13,10.28,0
2025-01-05 14:00:00,4,active,60.21,59.56,,,57.7,54.39,,,15.77,8.8,15.5,0
2025-01-05 15:00:00,4,active,61.18,59.64,,,57.12,54.44,,,16.58,8.33,12.44,0
2025-01-05 16:00:00,4,active,61.05,59.41,,,56.78,55.37,,,17.07,8.95,22.24,0
2025-01-05 17:00:00,4,active,62.31,59.37,,,56.58,53.9,,,16.93,8.16,0.53,0
2025-01-05 18:00:00,4,active,60.54,59.63,,,56.1,55.76,,,19.11,6.83,8.82,1
2025-01-05 19:00:00,4,active,60.65,59.61,,,56.69,55.03,,,17.43,8.42,35.39,0
2025-01-05 20:00:00,4,active,60.26,60.21,,,56.77,57.05,,,17.31,7.72,10.72,0
2025-01-05 21:00:00,4,active,59.4,58.5,,,55.84,56.46,,,18.15,7.54,32.43,0
2025-01-05 22:00:00,4,active,60.59,59.5,,,56.76,54.94,,,17.63,7.05,23.55,0
2025-01-05 23:00:00,4,active,60.17,58.59,,,56.44,54.96,,,17.95,7.96,1.91,0
2025-01-06 00:00:00,5,active,60.0,58.49,,,55.36,55.6,,,17.64,6.12,26.35,1
2025-01-06 01:00:00,5,active,58.78,58.73,,,55.95,56.0,,,17.86,7.19,18.82,0
2025-01-06 02:00:00,5,active,59.97,57.46,,,56.19,53.97,,,17.2,7.32,15.45,0
2025-01-06 03:00:00,5,active,58.09,58.17,,,57.55,53.85,,,15.9,7.06,22.45,0
2025-01-06 04:00:00,5,active,59.09,57.84,,,56.72,54.53,,,15.43,6.8,24.75,0
2025-01-06 05:00:00,5,active,59.85,57.83,,,55.55,55.22,,,16.19,6.2,27.08,0
2025-01-06 06:00:00,5,active,57.75,57.51,,,56.62,55.15,,,15.71,5.56,31.78,1
2025-01-06 07:00:00,5,active,57.8,58.61,,,55.37,55.47,,,14.15,6.55,24.08,0
2025-01-06 08:00:00,5,active,58.0,56.56,,,56.92,54.08,,,13.07,6.16,6.24,0
2025-01-06 09:00:00,5,active,57.43,56.42,,,55.95,53.39,,,13.36,6.37,15.26,0
2025-01-06 10:00:00,5,active,56.6,56.16,,,56.15,55.26,,,12.98,6.42,49.43,0
2025-01-06 11:00:00,5,active,57.37,56.0,,,56.97,54.23,,,12.99,6.42,27.24,0
2025-01-06 12:00:00,5,active,56.49,55.75,,,55.38,53.49,,,12.84,4.88,43.69,1
2025-01-06 13:00:00,5,active,57.21,56.64,,,55.28,54.76,,,11.57,6.62,33.95,0
2025-01-06 14:00:00,5,active,56.17,56.58,,,55.74,55.13,,,12.23,6.12,22.42,0
2025-01-06 15:00:00,5,active,57.45,55.18,,,56.69,54.55,,,12.4,5.81,23.01,0
2025-01-06 16:00:00,5,active,55.85,54.82,,,55.12,54.33,,,11.42,6.07,19.63,0
2025-01-06 17:00:00,5,active,55.93,55.4,,,54.3,54.48,,,12.61,6.39,2.62,0
2025-01-06 18:00:00,5,active,56.41,54.59,,,55.7,54.33,,,13.42,4.38,20.18,1
2025-01-06 19:00:00,5,active,54.98,55.1,,,56.28,53.72,,,13.14,5.48,32.11,0
2025-01-06 20:00:00,5,active,55.66,54.64,,,56.64,54.07,,,13.04,4.78,14.0,0
2025-01-06 21:00:00,5,active,56.11,53.41,,,55.61,54.79,,,12.49,5.49,24.12,0
2025-01-06 22:00:00,5,active,54.16,55.06,,,55.61,54.64,,,13.91,5.49,28.52,0
2025-01-06 23:00:00,5,active,55.04,55.01,,,56.52,54.53,,,14.9,5.32,10.9,0
2025-01-07 00:00:00,6,active,54.89,53.37,,,54.68,53.8,,,15.64,4.28,15.49,1
2025-01-07 01:00:00,6,active,55.01,53.31,,,55.54,54.27,,,15.37,4.62,9.82,0
2025-01-07 02:00:00,6,active,53.61,53.52,,,55.86,53.04,,,15.96,5.3,11.78,0
2025-01-07 03:00:00,6,active,53.36,53.36,,,55.98,54.43,,,15.34,5.58,7.12,0
2025-01-07 04:00:00,6,active,54.28,53.36,,,55.38,55.16,,,17.6,4.92,11.0,0
2025-01-07 05:00:00,6,active,53.96,53.98,,,55.67,53.39,,,16.94,5.19,34.19,0
2025-01-07 06:00:00,6,active,53.74,52.48,,,54.13,53.9,,,18.8,3.75,10.85,1
2025-01-07 07:00:00,6,active,53.61,51.93,,,55.2,54.42,,,17.78,5.12,21.26,0
2025-01-07 08:00:00,6,active,52.81,51.39,,,55.84,54.95,,,18.46,4.83,14.97,0
2025-01-07 09:00:00,6,active,53.18,51.6,,,54.95,53.91,,,18.16,4.69,31.79,0
2025-01-07 10:00:00,6,active,53.04,51.84,,,55.54,53.73,,,17.86,4.66,33.11,0
2025-01-07 11:00:00,6,active,52.25,52.76,,,55.75,52.94,,,17.46,4.73,28.64,0
2025-01-07 12:00:00,6,active,53.63,51.2,,,55.24,54.16,,,18.92,4.14,23.06,1
2025-01-07 13:00:00,6,active,52.62,51.47,,,55.52,55.3,,,16.55,4.4,17.69,0
2025-01-07 14:00:00,6,active,51.45,51.15,,,54.81,54.22,,,17.19,4.64,8.08,0
2025-01-07 15:00:00,6,active,52.38,51.7,,,55.24,54.01,,,16.06,4.72,39.44,0
2025-01-07 16:00:00,6,active,51.24,52.34,,,55.7,54.19,,,16.53,4.38,12.4,0
2025-01-07 17:00:00,6,active,52.13,50.34,,,55.4,53.97,,,15.59,5.22,26.64,0
2025-01-07 18:00:00,6,active,52.19,50.2,,,54.92,53.46,,,16.26,3.6,30.6,1
2025-01-07 19:00:00,6,active,50.84,50.96,,,55.38,54.42,,,14.51,4.43,14.45,0
2025-01-07 20:00:00,6,active,51.75,50.58,,,55.65,54.04,,,13.27,4.32,30.38,0
2025-01-07 21:00:00,6,active,51.26,51.12,,,53.96,53.89,,,13.16,5.13,27.64,0
2025-01-07 22:00:00,6,active,51.36,50.21,,,55.85,53.26,,,13.34,4.73,37.28,0
2025-01-07 23:00:00,6,active,51.85,49.49,,,54.93,54.61,,,12.77,4.26,15.31,0
2025-01-08 00:00:00,7,active,50.41,49.92,,,55.36,54.2,,,13.87,4.05,7.14,1
2025-01-08 01:00:00,7,active,49.96,50.08,,,55.79,53.44,,,12.34,4.56,14.95,0
2025-01-08 02:00:00,7,active,49.74,49.76,,,54.22,54.35,,,11.66,4.56,22.09,0
2025-01-08 03:00:00,7,active,49.64,49.43,,,54.59,53.43,,,11.68,4.36,20.58,0
2025-01-08 04:00:00,7,active,49.94,49.63,,,54.81,53.23,,,12.09,4.22,16.07,0
2025-01-08 05:00:00,7,active,50.05,49.55,,,54.48,53.22,,,11.26,4.52,0.91,0
2025-01-08 06:00:00,7,active,49.88,49.54,,,55.97,52.59,,,14.07,3.44,24.7,1
2025-01-08 07:00:00,7,active,50.08,48.97,,,54.38,53.91,,,12.88,4.93,39.72,0
2025-01-08 08:00:00,7,active,49.46,48.35,,,54.53,52.5,,,13.56,3.99,24.64,0
2025-01-08 09:00:00,7,active,50.2,48.41,,,54.96,52.84,,,12.87,4.81,26.09,0
2025-01-08 10:00:00,7,active,49.04,48.92,,,54.09,52.3,,,14.47,4.3,25.72,0
2025-01-08 11:00:00,7,active,50.71,47.59,,,54.54,53.47,,,15.37,4.41,23.97,0
2025-01-08 12:00:00,7,active,49.33,48.18,,,54.94,53.41,,,15.47,3.75,29.32,1
2025-01-08 13:00:00,7,active,48.33,47.6,,,54.52,53.28,,,15.83,4.09,23.95,0
2025-01-08 14:00:00,7,active,48.08,47.74,,,54.64,52.82,,,16.03,4.53,16.87,0
2025-01-08 15:00:00,7,active,48.9,48.38,,,54.34,52.72,,,15.88,3.44,12.04,0
2025-01-08 16:00:00,7,active,48.37,47.62,,,53.72,53.68,,,17.13,4.02,17.51,0
2025-01-08 17:00:00,7,active,48.82,47.42,,,54.8,53.04,,,17.63,3.94,23.14,0
2025-01-08 18:00:00,7,active,48.57,46.47,,,55.63,53.54,,,18.36,3.03,16.84,1
2025-01-08 19:00:00,7,active,48.14,47.63,,,54.56,52.79,,,18.29,4.12,23.14,0
2025-01-08 20:00:00,7,active,47.58,47.47,,,54.65,53.41,,,17.29,4.29,24.39,0
2025-01-08 21:00:00,7,active,47.08,48.29,,,54.9,54.06,,,17.4,4.37,28.33,0
2025-01-08 22:00:00,7,active,47.62,46.71,,,53.7,53.6,,,18.01,4.21,32.83,0
2025-01-08 23:00:00,7,active,48.31,46.93,,,55.45,52.98,,,17.83,3.93,20.78,0
2025-01-09 00:00:00,8,active,47.84,46.86,,,54.52,53.35,,,18.31,3.42,6.92,1
2025-01-09 01:00:00,8,active,46.87,47.56,,,55.35,53.03,,,17.62,4.13,16.55,0
2025-01-09 02:00:00,8,active,47.63,46.47,,,53.9,53.15,,,17.14,4.36,20.44,0
2025-01-09 03:00:00,8,active,47.68,46.61,,,55.4,52.93,,,16.84,4.3,1.64,0
2025-01-09 04:00:00,8,active,46.83,46.73,,,54.75,53.0,,,15.98,4.06,33.89,0
2025-01-09 05:00:00,8,active,47.38,46.4,,,54.59,53.2,,,15.76,3.77,21.42,0
2025-01-09 06:00:00,8,active,47.24,45.94,,,54.37,52.45,,,15.82,3.03,23.81,1
2025-01-09 07:00:00,8,active,46.44,46.25,,,54.05,52.42,,,15.3,3.85,33.66,0
2025-01-09 08:00:00,8,active,47.27,46.7,,,54.89,52.17,,,13.65,3.9,13.7,0
2025-01-09 09:00:00,8,active,47.32,45.37,,,54.22,52.01,,,14.34,4.06,25.74,0
2025-01-09 10:00:00,8,active,47.56,45.99,,,52.93,52.22,,,13.09,4.18,18.9,0
2025-01-09 11:00:00,8,active,47.48,45.42,,,53.41,53.02,,,12.15,3.94,18.16,0
2025-01-09 12:00:00,8,active,45.95,46.5,,,53.94,52.36,,,13.95,3.15,12.28,1
2025-01-09 13:00:00,8,active,46.15,44.8,,,54.21,53.18,,,12.23,3.97,36.66,0
2025-01-09 14:00:00,8,active,46.96,45.32,,,53.96,52.87,,,12.39,3.76,16.24,0
2025-01-09 15:00:00,8,active,46.9,45.82,,,54.69,51.64,,,12.49,3.62,26.99,0
2025-01-09 16:00:00,8,active,46.84,46.47,,,52.76,53.19,,,12.18,3.36,1.25,0
2025-01-09 17:00:00,8,active,48.79,45.44,,,53.99,53.26,,,11.94,3.66,31.8,0
2025-01-09 18:00:00,8,active,46.76,45.09,,,52.78,52.15,,,13.79,3.2,30.52,1
2025-01-09 19:00:00,8,active,47.05,46.5,,,54.3,52.98,,,12.7,3.63,20.97,0
2025-01-09 20:00:00,8,active,46.89,44.45,,,53.76,52.19,,,13.35,3.76,17.73,0
2025-01-09 21:00:00,8,active,46.66,43.94,,,54.04,52.73,,,12.64,3.96,24.0,0
2025-01-09 22:00:00,8,active,46.03,45.48,,,53.24,51.89,,,14.15,3.96,42.89,0
2025-01-09 23:00:00,8,active,46.62,44.87,,,54.5,51.55,,,14.22,3.47,2.37,0
2025-01-10 00:00:00,9,active,45.66,44.51,,,54.33,52.37,,,16.66,3.28,27.82,1
2025-01-10 01:00:00,9,active,45.94,45.5,,,54.02,52.5,,,15.77,4.1,10.88,0
2025-01-10 02:00:00,9,active,45.74,45.18,,,53.56,52.31,,,16.12,3.41,19.8,0
2025-01-10 03:00:00,9,active,46.04,44.66,,,53.96,51.81,,,16.69,3.49,17.52,0
2025-01-10 04:00:00,9,active,47.34,44.19,,,53.16,52.26,,,16.53,4.08,15.72,0
2025-01-10 05:00:00,9,active,44.8,45.44,,,54.07,52.64,,,17.95,3.67,19.9,0
2025-01-10 06:00:00,9,active,46.29,45.27,,,54.51,52.42,,,19.39,2.24,8.66,1
2025-01-10 07:00:00,9,active,44.88,44.78,,,54.14,52.53,,,17.98,3.27,30.29,0
2025-01-10 08:00:00,9,active,45.52,45.92,,,53.03,52.0,,,18.59,3.6,2.06,0
2025-01-10 09:00:00,9,active,46.43,44.13,,,53.65,53.08,,,17.77,3.31,25.4,0
2025-01-10 10:00:00,9,active,45.78,43.83,,,52.63,51.64,,,17.64,3.53,16.73,0
2025-01-10 11:00:00,9,active,45.06,44.3,,,53.72,52.62,,,17.84,3.65,8.29,0
2025-01-10 12:00:00,9,active,45.25,44.65,,,53.62,53.01,,,18.77,3.26,22.02,1
2025-01-10 13:00:00,9,active,46.06,44.8,,,52.2,52.56,,,17.14,3.53,4.43,0
2025-01-10 14:00:00,9,active,45.19,44.48,,,52.59,52.13,,,17.14,3.92,20.4,0
2025-01-10 15:00:00,9,active,45.73,44.81,,,53.09,51.91,,,16.62,4.02,5.77,0
2025-01-10 16:00:00,9,active,45.6,43.82,,,53.05,52.82,,,15.63,4.01,24.61,0
2025-01-10 17:00:00,9,active,45.16,45.41,,,52.48,51.32,,,15.73,3.65,10.76,0
2025-01-10 18:00:00,9,active,46.81,44.47,,,53.41,51.57,,,16.35,2.16,15.49,1
2025-01-10 19:00:00,9,active,45.88,45.17,,,53.3,51.89,,,14.55,3.68,22.94,0
2025-01-10 20:00:00,9,active,44.26,44.68,,,53.0,52.84,,,14.43,3.84,12.27,0
2025-01-10 21:00:00,9,active,45.57,44.73,,,52.63,52.3,,,13.01,3.49,19.42,0
2025-01-10 22:00:00,9,active,45.04,44.78,,,53.69,51.47,,,13.26,4.02,4.86,0
2025-01-10 23:00:00,9,active,45.93,44.68,,,54.02,51.84,,,12.23,3.75,26.31,0
2025-01-11 00:00:00,10,active,44.92,44.78,,,52.71,51.63,,,12.96,2.85,37.65,1
2025-01-11 01:00:00,10,active,45.31,45.18,,,52.6,51.55,,,11.93,3.79,47.92,0
2025-01-11 02:00:00,10,active,45.66,44.48,,,53.24,52.54,,,11.67,3.55,20.91,0
2025-01-11 03:00:00,10,active,45.86,44.77,,,52.7,51.1,,,11.78,2.69,27.88,0
2025-01-11 04:00:00,10,active,44.61,44.27,,,52.8,52.87,,,11.96,3.28,2.19,0
2025-01-11 05:00:00,10,active,45.11,45.18,,,53.3,52.37,,,12.52,3.78,35.03,0
2025-01-11 06:00:00,10,active,45.01,43.89,,,51.68,52.5,,,13.27,2.36,27.76,1
2025-01-11 07:00:00,10,active,44.89,45.36,,,53.59,51.55,,,12.07,3.33,15.16,0
2025-01-11 08:00:00,10,active,46.33,44.25,,,52.81,51.71,,,13.53,3.07,32.37,0
2025-01-11 09:00:00,10,active,45.5,43.4,,,52.49,50.92,,,13.17,3.9,17.46,0
2025-01-11 10:00:00,10,active,44.49,44.32,,,52.65,51.44,,,13.95,3.86,15.42,0
2025-01-11 11:00:00,10,active,45.78,43.82,,,52.66,52.02,,,14.66,3.08,24.75,0
2025-01-11 12:00:00,10,active,46.5,44.73,,,51.61,52.48,,,16.08,2.58,9.37,1
2025-01-11 13:00:00,10,active,45.83,43.82,,,53.52,51.01,,,15.96,3.12,30.22,0
2025-01-11 14:00:00,10,active,44.29,43.93,,,52.62,51.43,,,16.22,3.5,9.44,0
2025-01-11 15:00:00,10,active,44.9,43.06,,,52.83,51.53,,,16.16,3.45,9.5,0
2025-01-11 16:00:00,10,active,45.94,43.91,,,53.1,50.76,,,17.8,3.53,10.9,0
2025-01-11 17:00:00,10,active,44.75,42.72,,,51.89,51.93,,,17.38,3.38,27.6,0
2025-01-11 18:00:00,10,active,45.43,43.21,,,52.76,51.12,,,18.54,3.35,13.83,1
2025-01-11 19:00:00,10,active,45.62,44.61,,,52.29,51.41,,,18.2,2.95,6.52,0
2025-01-11 20:00:00,10,active,44.59,44.62,,,52.92,51.23,,,18.05,2.73,13.94,0
2025-01-11 21:00:00,10,active,45.1,44.4,,,51.11,51.0,,,18.16,3.11,19.68,0
2025-01-11 22:00:00,10,active,43.19,43.55,,,52.3,51.45,,,18.95,2.75,8.19,0
2025-01-11 23:00:00,10,active,44.51,44.1,,,51.97,51.3,,,17.71,2.76,8.48,0
2025-01-12 00:00:00,11,active,44.97,44.12,,,52.56,51.18,,,18.47,2.1,41.11,1
2025-01-12 01:00:00,11,active,44.36,43.42,,,52.55,50.94,,,17.34,2.91,11.39,0
2025-01-12 02:00:00,11,active,46.09,45.01,,,51.82,51.54,,,17.36,2.89,16.77,0
2025-01-12 03:00:00,11,active,44.24,44.63,,,51.79,52.32,,,15.9,3.32,16.33,0
2025-01-12 04:00:00,11,active,44.83,43.96,,,52.12,51.38,,,15.24,3.0,15.79,0
2025-01-12 05:00:00,11,active,45.17,44.11,,,51.62,51.87,,,15.29,3.09,26.21,0
2025-01-12 06:00:00,11,active,45.95,44.21,,,52.63,50.42,,,15.35,2.6,29.48,1
2025-01-12 07:00:00,11,active,44.22,42.86,,,51.87,51.32,,,14.31,2.89,16.94,0
2025-01-12 08:00:00,11,active,45.78,43.93,,,50.32,50.54,,,14.17,3.03,7.64,0
2025-01-12 09:00:00,11,active,45.08,43.66,,,51.81,50.29,,,13.14,3.21,32.74,0
2025-01-12 10:00:00,11,active,44.48,43.47,,,51.39,50.71,,,12.5,2.51,19.05,0
2025-01-12 11:00:00,11,active,45.34,43.9,,,51.0,51.84,,,12.73,2.36,37.3,0
2025-01-12 12:00:00,11,active,45.18,45.14,,,51.21,51.67,,,13.75,2.37,0.0,1
2025-01-12 13:00:00,11,active,44.7,44.44,,,51.99,51.22,,,11.5,3.21,21.95,0
2025-01-12 14:00:00,11,active,45.1,43.71,,,52.69,50.13,,,12.37,3.67,39.19,0
2025-01-12 15:00:00,11,active,44.82,44.4,,,52.05,50.91,,,12.33,3.08,16.47,0
2025-01-12 16:00:00,11,active,45.12,44.89,,,51.47,51.18,,,12.43,3.27,17.75,0
2025-01-12 17:00:00,11,active,45.44,44.6,,,52.08,51.08,,,12.67,2.96,22.96,0
2025-01-12 18:00:00,11,active,46.0,44.08,,,51.5,49.84,,,14.28,2.29,14.41,1
2025-01-12 19:00:00,11,active,44.3,43.65,,,51.33,50.39,,,12.56,3.49,16.88,0
2025-01-12 20:00:00,11,active,46.32,44.46,,,51.02,50.86,,,13.12,2.35,16.62,0
2025-01-12 21:00:00,11,active,43.87,44.27,,,50.64,51.2,,,13.33,3.1,13.73,0
2025-01-12 22:00:00,11,active,44.94,44.57,,,51.42,49.53,,,13.97,3.6,32.29,0
2025-01-12 23:00:00,11,active,45.39,44.41,,,51.72,50.73,,,15.09,3.04,24.61,0
2025-01-13 00:00:00,12,active,45.2,44.66,,,51.54,50.89,,,15.46,2.64,22.51,1
2025-01-13 01:00:00,12,active,44.66,43.71,,,51.32,51.28,,,15.18,2.74,28.09,0
2025-01-13 02:00:00,12,active,44.9,44.82,,,50.97,51.17,,,16.58,2.91,17.36,0
2025-01-13 03:00:00,12,active,44.73,44.14,,,51.88,51.07,,,16.91,2.92,12.26,0
2025-01-13 04:00:00,12,active,44.67,45.27,,,50.69,50.22,,,16.78,2.24,13.97,0
2025-01-13 05:00:00,12,active,45.53,43.61,,,51.92,49.53,,,17.64,2.54,20.02,0
2025-01-13 06:00:00,12,active,45.24,45.06,,,50.82,50.41,,,18.73,1.75,9.41,1
2025-01-13 07:00:00,12,active,44.6,44.14,,,50.94,51.23,,,18.42,3.12,15.0,0
2025-01-13 08:00:00,12,active,45.56,43.63,,,50.49,51.44,,,17.98,3.12,14.84,0
2025-01-13 09:00:00,12,active,45.2,43.73,,,51.04,51.0,,,18.41,2.95,41.25,0
2025-01-13 10:00:00,12,active,45.5,43.82,,,51.89,50.81,,,19.01,3.09,0.0,0
2025-01-13 11:00:00,12,active,45.39,44.27,,,51.59,50.75,,,18.06,2.78,18.21,0
2025-01-13 12:00:00,12,active,44.52,44.33,,,51.84,50.17,,,18.62,2.38,37.26,1
2025-01-13 13:00:00,12,active,44.68,43.67,,,51.53,50.4,,,17.59,2.82,21.23,0
2025-01-13 14:00:00,12,active,45.46,44.0,,,50.53,51.45,,,16.78,2.82,27.55,0
2025-01-13 15:00:00,12,active,45.38,45.3,,,50.96,49.86,,,17.46,2.71,21.02,0
2025-01-13 16:00:00,12,active,45.0,45.05,,,50.67,51.37,,,16.1,2.99,13.35,0
2025-01-13 17:00:00,12,active,45.08,44.27,,,51.9,50.18,,,15.41,2.65,0.0,0
2025-01-13 18:00:00,12,active,45.78,44.03,,,50.36,51.15,,,15.67,2.26,22.11,1
2025-01-13 19:00:00,12,active,44.65,44.08,,,51.58,49.48,,,14.92,2.42,12.33,0
2025-01-13 20:00:00,12,active,45.34,44.38,,,51.55,50.65,,,14.32,2.42,12.12,0
2025-01-13 21:00:00,12,active,44.89,43.39,,,52.09,49.83,,,13.3,2.94,15.19,0
2025-01-13 22:00:00,12,active,44.88,43.85,,,50.71,49.4,,,13.3,2.7,37.7,0
2025-01-13 23:00:00,12,active,45.67,43.01,,,51.36,50.36,,,12.1,2.58,44.41,0
2025-01-14 00:00:00,13,active,45.5,44.25,,,52.27,50.81,,,13.48,2.17,22.68,1
2025-01-14 01:00:00,13,active,45.49,44.39,,,50.5,49.67,,,12.36,2.52,16.05,0
2025-01-14 02:00:00,13,active,45.79,43.72,,,49.92,49.25,,,12.73,2.63,9.19,0
2025-01-14 03:00:00,13,active,45.02,44.95,,,49.68,50.07,,,11.69,3.1,26.01,0
2025-01-14 04:00:00,13,active,45.41,43.27,,,51.21,50.05,,,11.53,3.13,39.63,0
2025-01-14 05:00:00,13,active,44.82,43.13,,,49.62,50.4,,,11.82,3.13,19.97,0
2025-01-14 06:00:00,13,active,45.2,44.14,,,50.5,50.62,,,12.87,1.77,0.0,1
2025-01-14 07:00:00,13,active,44.93,44.63,,,50.96,49.99,,,13.24,3.01,31.08,0
2025-01-14 08:00:00,13,active,45.06,45.01,,,50.78,51.11,,,13.69,2.35,35.65,0
2025-01-14 09:00:00,13,active,45.36,43.73,,,50.89,50.11,,,13.63,2.35,11.77,0
2025-01-14 10:00:00,13,active,44.51,44.65,,,50.74,49.74,,,14.46,1.91,31.73,0
2025-01-14 11:00:00,13,active,46.26,43.98,,,51.35,48.96,,,14.53,3.11,37.44,0
2025-01-14 12:00:00,13,active,44.4,43.9,,,49.98,49.74,,,15.96,1.54,35.93,1
2025-01-14 13:00:00,13,active,44.27,44.53,,,50.11,49.67,,,15.39,2.55,33.41,0
2025-01-14 14:00:00,13,active,45.7,44.39,,,50.03,50.43,,,15.9,2.31,57.25,0
2025-01-14 15:00:00,13,active,45.48,43.06,,,50.96,50.1,,,15.88,2.78,50.16,0
2025-01-14 16:00:00,13,active,45.38,44.89,,,50.97,49.09,,,17.03,2.45,48.0,0
2025-01-14 17:00:00,13,active,45.38,44.83,,,50.67,49.88,,,17.28,2.16,52.83,0
2025-01-14 18:00:00,13,active,44.99,43.63,,,51.09,50.15,,,18.9,1.88,98.51,1
2025-01-14 19:00:00,13,active,44.46,44.24,,,49.64,50.64,,,17.86,2.1,107.06,0
2025-01-14 20:00:00,13,active,45.05,44.3,,,51.32,50.23,,,17.89,2.27,119.47,0
2025-01-14 21:00:00,13,active,44.6,44.16,,,51.2,50.13,,,17.65,1.89,134.94,0
2025-01-14 22:00:00,13,active,45.59,43.67,,,50.7,49.69,,,17.98,2.08,158.16,0
2025-01-14 23:00:00,13,active,44.91,43.6,,,51.3,49.86,,,18.11,2.55,180.49,0
2025-01-15 00:00:00,14,active,44.51,43.99,,,49.21,50.35,,,18.14,1.1,218.69,1
2025-01-15 01:00:00,14,active,44.81,44.7,,,49.86,48.78,,,17.33,2.04,237.79,0
2025-01-15 02:00:00,14,active,45.25,44.33,,,49.7,49.34,,,17.02,2.47,292.05,0
2025-01-15 03:00:00,14,active,44.66,43.78,,,50.55,49.06,,,16.21,2.3,341.29,0
2025-01-15 04:00:00,14,active,44.51,44.46,,,49.45,49.73,,,15.79,3.05,400.13,0
2025-01-15 05:00:00,14,active,45.15,42.29,,,50.51,50.21,,,15.61,3.0,447.87,0
2025-01-15 06:00:00,14,active,45.15,44.69,,,50.85,49.09,,,15.55,1.38,514.93,1
2025-01-15 07:00:00,14,active,44.7,42.96,,,50.41,47.99,,,14.62,2.6,583.4,0
2025-01-15 08:00:00,14,active,44.72,43.78,,,50.14,49.15,,,13.62,2.65,647.25,0
2025-01-15 09:00:00,14,active,45.14,43.33,,,49.34,49.92,,,13.93,2.24,711.46,0
2025-01-15 10:00:00,14,active,44.13,43.22,,,49.4,49.67,,,14.01,1.96,779.62,0
2025-01-15 11:00:00,14,active,44.16,44.7,,,50.63,49.58,,,12.36,2.39,844.34,0
2025-01-15 12:00:00,14,active,44.57,43.72,,,50.32,49.13,,,13.62,1.54,937.2,1
2025-01-15 13:00:00,14,active,44.87,44.21,,,49.8,48.51,,,11.89,2.25,1022.23,0
2025-01-15 14:00:00,14,active,45.19,43.97,,,49.54,49.56,,,12.46,2.51,1083.39,0
2025-01-15 15:00:00,14,active,45.89,44.29,,,48.55,48.72,,,11.49,2.14,1171.43,0
2025-01-15 16:00:00,14,active,45.51,44.05,,,49.09,50.51,,,12.24,2.01,1205.85,0
2025-01-15 17:00:00,14,active,44.9,43.23,,,50.85,49.52,,,11.83,2.38,1273.78,0
2025-01-15 18:00:00,14,active,44.99,44.6,,,48.91,48.8,,,13.32,1.66,1352.3,1
2025-01-15 19:00:00,14,active,44.4,43.7,,,49.76,48.76,,,12.29,1.98,1397.93,0
2025-01-15 20:00:00,14,active,44.99,43.07,,,50.22,49.04,,,13.4,2.6,1452.08,0
2025-01-15 21:00:00,14,active,44.83,43.74,,,48.83,48.93,,,13.17,1.78,1473.7,0
2025-01-15 22:00:00,14,active,45.19,44.9,,,49.67,49.72,,,14.19,2.13,1490.63,0
2025-01-15 23:00:00,14,active,44.5,44.51,,,50.09,49.14,,,14.34,2.22,1512.66,0
2025-01-16 00:00:00,15,curing,,,45.95,44.29,,,49.88,47.41,17.95,1.3,1504.67,1
2025-01-16 01:00:00,15,curing,,,44.78,45.51,,,49.68,47.78,17.27,2.11,1503.51,0
2025-01-16 02:00:00,15,curing,,,44.27,44.01,,,50.68,48.22,17.11,2.84,1509.04,0
2025-01-16 03:00:00,15,curing,,,43.68,43.48,,,49.56,47.97,17.7,2.01,1482.58,0
2025-01-16 04:00:00,15,curing,,,43.35,43.92,,,49.36,47.47,18.43,2.99,1442.57,0
2025-01-16 05:00:00,15,curing,,,43.28,43.51,,,50.19,47.88,17.69,2.38,1378.07,0
2025-01-16 06:00:00,15,curing,,,44.02,43.3,,,49.43,47.08,18.64,2.27,1340.16,0
2025-01-16 07:00:00,15,curing,,,43.96,43.21,,,49.32,48.4,18.94,2.38,1273.07,0
2025-01-16 08:00:00,15,curing,,,42.73,43.75,,,49.04,47.7,18.16,2.99,1232.87,0
2025-01-16 09:00:00,15,curing,,,43.79,41.98,,,49.5,48.33,18.04,1.92,1146.42,0
2025-01-16 10:00:00,15,curing,,,42.92,42.6,,,49.67,47.49,18.85,1.88,1069.11,0
2025-01-16 11:00:00,15,curing,,,43.06,41.72,,,49.8,47.46,18.61,1.98,1005.73,0
2025-01-16 12:00:00,15,curing,,,43.61,42.28,,,50.13,47.32,20.65,1.41,923.39,1
2025-01-16 13:00:00,15,curing,,,43.08,41.37,,,49.88,48.11,18.97,1.67,868.99,0
2025-01-16 14:00:00,15,curing,,,42.32,41.44,,,49.5,47.3,18.67,2.19,772.16,0
2025-01-16 15:00:00,15,curing,,,41.83,41.33,,,49.46,47.95,18.54,2.68,692.76,0
2025-01-16 16:00:00,15,curing,,,41.02,41.79,,,49.79,47.41,19.43,2.21,615.14,0
2025-01-16 17:00:00,15,curing,,,41.56,41.58,,,50.14,46.59,18.73,2.07,569.6,0
2025-01-16 18:00:00,15,curing,,,41.64,40.33,,,49.54,47.26,18.92,1.97,501.36,0
2025-01-16 19:00:00,15,curing,,,41.08,40.8,,,49.21,46.94,19.21,2.42,433.98,0
2025-01-16 20:00:00,15,curing,,,41.34,40.25,,,48.92,47.52,18.54,1.89,405.92,0
2025-01-16 21:00:00,15,curing,,,41.27,39.8,,,48.66,46.88,18.6,2.68,351.07,0
2025-01-16 22:00:00,15,curing,,,40.95,40.15,,,49.69,47.91,18.48,2.7,299.12,0
2025-01-16 23:00:00,15,curing,,,40.56,39.93,,,49.62,47.38,18.61,2.19,272.63,0
2025-01-17 00:00:00,16,curing,,,40.8,41.13,,,49.59,47.31,19.41,1.31,229.63,1
2025-01-17 01:00:00,16,curing,,,40.77,39.96,,,49.21,47.7,17.91,2.41,183.01,0
2025-01-17 02:00:00,16,curing,,,39.83,38.89,,,49.95,47.83,17.84,2.42,153.06,0
2025-01-17 03:00:00,16,curing,,,40.92,39.13,,,48.97,47.31,17.47,1.85,147.52,0
2025-01-17 04:00:00,16,curing,,,40.0,39.76,,,49.66,46.91,16.82,1.92,122.56,0
2025-01-17 05:00:00,16,curing,,,39.89,40.12,,,49.13,46.39,17.31,1.68,102.59,0
2025-01-17 06:00:00,16,curing,,,40.07,38.12,,,48.82,46.91,17.76,2.19,77.44,0
2025-01-17 07:00:00,16,curing,,,39.66,37.81,,,49.39,46.92,16.44,2.26,79.4,0
2025-01-17 08:00:00,16,curing,,,39.86,39.52,,,49.27,47.25,16.27,1.65,55.29,0
2025-01-17 09:00:00,16,curing,,,39.36,38.61,,,49.22,47.0,16.03,1.91,53.17,0
2025-01-17 10:00:00,16,curing,,,38.75,37.82,,,49.05,47.49,16.48,1.63,61.56,0
2025-01-17 11:00:00,16,curing,,,39.07,38.36,,,48.96,46.82,16.18,1.76,34.71,0
2025-01-17 12:00:00,16,curing,,,38.16,36.61,,,50.14,47.07,16.76,1.39,20.93,1
2025-01-17 13:00:00,16,curing,,,38.63,37.77,,,49.51,47.67,15.29,1.8,22.41,0
2025-01-17 14:00:00,16,curing,,,38.39,37.77,,,49.25,47.22,15.55,1.92,39.91,0
2025-01-17 15:00:00,16,curing,,,38.15,37.91,,,48.92,46.99,14.76,1.51,30.18,0
2025-01-17 16:00:00,16,curing,,,38.03,36.78,,,49.34,46.7,15.33,2.05,24.51,0
2025-01-17 17:00:00,16,curing,,,36.99,37.18,,,49.06,46.66,15.52,1.97,19.29,0
2025-01-17 18:00:00,16,curing,,,37.5,36.51,,,48.79,46.52,14.6,1.76,28.13,0
2025-01-17 19:00:00,16,curing,,,37.66,36.95,,,48.59,46.65,14.43,1.92,13.95,0
2025-01-17 20:00:00,16,curing,,,37.54,36.21,,,48.68,47.28,15.64,2.02,24.86,0
2025-01-17 21:00:00,16,curing,,,36.79,36.3,,,47.1,46.76,14.76,1.72,14.01,0
2025-01-17 22:00:00,16,curing,,,37.78,35.85,,,48.76,46.18,15.47,1.51,11.99,0
2025-01-17 23:00:00,16,curing,,,36.56,36.52,,,48.38,47.71,14.98,2.49,14.32,0
2025-01-18 00:00:00,17,curing,,,37.33,36.47,,,49.4,46.96,16.03,0.95,16.75,1
2025-01-18 01:00:00,17,curing,,,36.9,35.77,,,48.58,46.07,15.35,1.9,19.87,0
2025-01-18 02:00:00,17,curing,,,36.21,35.76,,,47.95,46.53,14.91,2.23,22.61,0
2025-01-18 03:00:00,17,curing,,,37.27,34.86,,,48.49,46.78,15.43,2.98,0.0,0
2025-01-18 04:00:00,17,curing,,,35.64,35.28,,,47.96,47.55,15.36,1.54,12.05,0
2025-01-18 05:00:00,17,curing,,,36.54,35.26,,,48.69,46.12,15.13,2.04,16.17,0
2025-01-18 06:00:00,17,curing,,,36.43,36.44,,,48.57,47.14,15.96,1.69,35.11,0
2025-01-18 07:00:00,17,curing,,,35.45,34.43,,,48.87,47.32,15.89,1.73,9.24,0
2025-01-18 08:00:00,17,curing,,,36.33,35.57,,,47.97,46.29,16.12,1.67,21.66,0
2025-01-18 09:00:00,17,curing,,,35.36,35.19,,,48.35,46.44,15.9,1.54,34.97,0
2025-01-18 10:00:00,17,curing,,,35.48,34.68,,,47.63,46.03,17.22,1.86,6.88,0
2025-01-18 11:00:00,17,curing,,,35.32,35.27,,,48.63,46.42,17.14,1.43,23.95,0
2025-01-18 12:00:00,17,curing,,,34.98,34.43,,,48.51,46.48,18.39,1.35,11.98,1
2025-01-18 13:00:00,17,curing,,,35.31,34.29,,,48.47,46.8,17.09,1.87,14.96,0
2025-01-18 14:00:00,17,curing,,,35.15,33.93,,,48.19,47.0,16.72,1.97,11.97,0
2025-01-18 15:00:00,17,curing,,,33.74,34.42,,,48.37,46.05,18.4,1.7,12.68,0
2025-01-18 16:00:00,17,curing,,,35.12,34.22,,,48.94,45.42,17.79,1.73,47.22,0
2025-01-18 17:00:00,17,curing,,,33.49,33.21,,,47.96,46.36,17.7,1.92,28.45,0
2025-01-18 18:00:00,17,curing,,,34.7,32.72,,,48.14,46.5,18.34,1.47,31.02,0
2025-01-18 19:00:00,17,curing,,,34.6,33.14,,,47.5,46.45,18.81,1.71,24.92,0
2025-01-18 20:00:00,17,curing,,,33.35,32.7,,,47.58,46.14,18.48,1.55,3.94,0
2025-01-18 21:00:00,17,curing,,,33.55,32.92,,,48.04,46.34,19.13,1.54,23.95,0
2025-01-18 22:00:00,17,curing,,,33.06,33.43,,,48.51,47.01,19.17,1.16,30.73,0
2025-01-18 23:00:00,17,curing,,,33.37,32.45,,,47.8,46.42,18.4,2.19,11.47,0
2025-01-19 00:00:00,18,curing,,,33.18,32.52,,,47.78,46.01,19.63,0.78,29.65,1
2025-01-19 01:00:00,18,curing,,,33.59,32.43,,,47.67,45.92,19.34,2.13,27.04,0
2025-01-19 02:00:00,18,curing,,,33.72,32.68,,,47.57,46.07,17.9,2.09,38.52,0
2025-01-19 03:00:00,18,curing,,,33.62,31.0,,,47.96,46.94,18.94,1.38,15.82,0
2025-01-19 04:00:00,18,curing,,,32.5,31.68,,,47.03,46.01,18.42,1.43,9.02,0
2025-01-19 05:00:00,18,curing,,,32.54,31.96,,,48.39,46.07,18.77,2.52,16.38,0
2025-01-19 06:00:00,18,curing,,,31.67,32.31,,,47.39,45.81,18.78,2.27,34.36,0
2025-01-19 07:00:00,18,curing,,,31.98,31.33,,,48.06,46.57,18.68,1.73,1.72,0
2025-01-19 08:00:00,18,curing,,,32.73,30.51,,,47.03,46.98,18.51,1.81,0.0,0
2025-01-19 09:00:00,18,curing,,,32.92,31.62,,,47.97,46.2,18.18,1.54,20.89,0
2025-01-19 10:00:00,18,curing,,,31.36,30.86,,,47.94,45.99,19.4,1.85,15.57,0
2025-01-19 11:00:00,18,curing,,,31.55,30.45,,,47.77,45.94,19.09,1.5,20.08,0
2025-01-19 12:00:00,18,curing,,,31.7,30.6,,,47.05,44.71,18.71,0.3,29.45,1
2025-01-19 13:00:00,18,curing,,,31.72,30.69,,,47.65,46.25,18.63,1.31,14.47,0
2025-01-19 14:00:00,18,curing,,,31.04,30.35,,,46.9,45.92,17.65,1.71,1.27,0
2025-01-19 15:00:00,18,curing,,,31.53,29.41,,,47.34,46.04,17.67,1.36,40.44,0
2025-01-19 16:00:00,18,curing,,,30.95,30.84,,,47.95,45.44,17.39,1.67,10.03,0
2025-01-19 17:00:00,18,curing,,,31.05,30.89,,,47.8,45.58,16.95,1.36,9.41,0
2025-01-19 18:00:00,18,curing,,,31.2,30.45,,,47.38,45.54,17.39,1.44,31.04,0
2025-01-19 19:00:00,18,curing,,,30.8,29.43,,,46.86,46.24,16.84,1.93,16.16,0
2025-01-19 20:00:00,18,curing,,,30.45,29.77,,,47.64,45.51,16.39,1.74,19.37,0
2025-01-19 21:00:00,18,curing,,,30.49,29.74,,,47.3,46.72,15.86,1.66,24.83,0
2025-01-19 22:00:00,18,curing,,,30.37,29.92,,,46.1,45.87,15.83,1.92,30.84,0
2025-01-19 23:00:00,18,curing,,,30.11,29.82,,,47.62,44.99,15.34,1.79,16.67,0
2025-01-20 00:00:00,19,curing,,,30.04,29.0,,,47.19,45.54,16.83,1.28,35.2,1
2025-01-20 01:00:00,19,curing,,,30.84,29.28,,,47.77,45.25,15.18,1.5,0.0,0
2025-01-20 02:00:00,19,curing,,,30.19,29.34,,,46.59,44.45,15.41,1.5,27.6,0
2025-01-20 03:00:00,19,curing,,,29.64,29.72,,,45.52,46.32,15.93,1.23,11.6,0
2025-01-20 04:00:00,19,curing,,,30.01,29.22,,,47.22,45.85,15.75,1.49,33.72,0
2025-01-20 05:00:00,19,curing,,,29.38,29.14,,,47.2,45.74,15.16,1.9,21.42,0
2025-01-20 06:00:00,19,curing,,,30.01,28.66,,,46.18,45.53,15.06,2.0,13.27,0
2025-01-20 07:00:00,19,curing,,,29.48,29.2,,,46.51,44.73,15.8,1.89,26.63,0
2025-01-20 08:00:00,19,curing,,,29.12,28.58,,,48.34,45.16,15.22,1.06,28.93,0
2025-01-20 09:00:00,19,curing,,,29.28,27.82,,,46.78,45.8,14.87,1.92,26.42,0
2025-01-20 10:00:00,19,curing,,,28.15,28.84,,,47.27,44.82,14.44,1.03,9.7,0
2025-01-20 11:00:00,19,curing,,,28.25,28.36,,,46.55,44.06,15.2,1.85,15.16,0
2025-01-20 12:00:00,19,curing,,,28.1,27.67,,,45.8,45.19,16.43,0.66,19.96,1
2025-01-20 13:00:00,19,curing,,,28.65,27.53,,,46.74,45.2,14.92,1.78,19.59,0
2025-01-20 14:00:00,19,curing,,,29.32,27.8,,,46.66,45.32,15.38,1.16,27.5,0
2025-01-20 15:00:00,19,curing,,,29.45,27.77,,,46.56,45.59,15.24,1.91,0.0,0
2025-01-20 16:00:00,19,curing,,,28.54,27.52,,,46.68,45.52,15.44,1.11,23.34,0
2025-01-20 17:00:00,19,curing,,,28.35,27.46,,,46.84,45.3,14.67,1.35,17.1,0
2025-01-20 18:00:00,19,curing,,,27.08,28.03,,,46.6,45.75,15.74,1.24,11.61,0
2025-01-20 19:00:00,19,curing,,,27.6,27.6,,,46.01,44.37,16.39,1.01,12.58,0
2025-01-20 20:00:00,19,curing,,,27.36,27.05,,,46.86,45.35,15.93,1.56,17.85,0
2025-01-20 21:00:00,19,curing,,,27.33,27.31,,,45.61,45.39,16.4,2.07,0.0,0
2025-01-20 22:00:00,19,curing,,,27.44,26.21,,,45.53,44.43,16.28,2.32,12.99,0
2025-01-20 23:00:00,19,curing,,,27.17,26.81,,,46.9,44.27,16.94,1.55,11.24,0
2025-01-21 00:00:00,20,curing,,,26.3,27.4,,,46.75,44.63,17.91,1.05,25.33,1
2025-01-21 01:00:00,20,curing,,,27.55,26.27,,,46.44,44.64,16.83,1.58,11.94,0
2025-01-21 02:00:00,20,curing,,,26.53,25.84,,,45.74,45.33,17.95,1.65,17.85,0
2025-01-21 03:00:00,20,curing,,,27.07,25.83,,,46.06,44.62,17.99,1.39,35.42,0
2025-01-21 04:00:00,20,curing,,,27.88,25.5,,,46.25,44.47,17.57,1.55,29.94,0
2025-01-21 05:00:00,20,curing,,,26.27,25.54,,,45.56,44.57,18.2,1.65,29.02,0
2025-01-21 06:00:00,20,curing,,,25.35,25.63,,,45.96,45.41,18.39,1.31,15.0,0
2025-01-21 07:00:00,20,curing,,,26.37,25.01,,,46.62,44.83,18.6,1.45,25.43,0
2025-01-21 08:00:00,20,curing,,,26.95,25.61,,,46.98,44.71,17.81,1.45,17.66,0
2025-01-21 09:00:00,20,curing,,,27.27,25.94,,,46.03,44.72,19.02,1.71,18.04,0
2025-01-21 10:00:00,20,curing,,,25.57,24.93,,,46.59,45.4,18.5,1.14,24.1,0
2025-01-21 11:00:00,20,curing,,,26.32,26.03,,,45.22,44.35,18.68,1.44,14.03,0
2025-01-21 12:00:00,20,curing,,,25.73,25.42,,,46.48,45.36,20.96,1.22,34.93,1
2025-01-21 13:00:00,20,curing,,,25.8,25.57,,,45.72,44.78,19.08,1.79,18.4,0
2025-01-21 14:00:00,20,curing,,,27.07,24.62,,,46.25,44.57,18.83,1.84,26.18,0
2025-01-21 15:00:00,20,curing,,,24.89,25.27,,,45.94,45.88,18.12,1.44,34.56,0
2025-01-21 16:00:00,20,curing,,,25.66,24.19,,,46.69,44.07,19.54,1.53,30.32,0
2025-01-21 17:00:00,20,curing,,,25.66,25.07,,,45.57,44.4,18.42,1.73,5.91,0
2025-01-21 18:00:00,20,curing,,,25.86,24.61,,,46.29,43.93,18.5,1.89,24.45,0
2025-01-21 19:00:00,20,curing,,,25.27,24.69,,,45.81,45.0,18.69,0.83,28.51,0
2025-01-21 20:00:00,20,curing,,,25.27,23.72,,,45.84,45.34,19.3,1.02,28.92,0
2025-01-21 21:00:00,20,curing,,,24.81,23.76,,,45.8,45.31,18.93,1.8,8.87,0
2025-01-21 22:00:00,20,curing,,,25.04,24.4,,,45.44,45.06,18.42,1.32,13.43,0
2025-01-21 23:00:00,20,curing,,,24.63,23.53,,,45.82,44.33,18.46,1.19,29.95,0
2025-01-22 00:00:00,21,curing,,,25.01,24.13,,,45.77,44.22,18.94,0.21,12.38,1
2025-01-22 01:00:00,21,curing,,,24.41,23.11,,,45.89,43.54,18.06,1.22,17.0,0
2025-01-22 02:00:00,21,curing,,,24.68,24.12,,,45.78,45.37,17.84,0.96,35.76,0
2025-01-22 03:00:00,21,curing,,,24.38,22.97,,,46.11,44.56,18.01,2.0,19.52,0
2025-01-22 04:00:00,21,curing,,,24.85,23.76,,,46.15,44.05,17.8,1.36,12.73,0
2025-01-22 05:00:00,21,curing,,,24.16,23.7,,,45.13,44.94,17.41,1.35,11.22,0
2025-01-22 06:00:00,21,curing,,,23.2,22.94,,,46.06,43.76,16.86,1.54,23.33,0
2025-01-22 07:00:00,21,curing,,,24.62,23.48,,,45.0,44.43,17.09,1.65,6.67,0
2025-01-22 08:00:00,21,curing,,,23.43,23.22,,,45.86,44.11,16.55,1.64,17.53,0
2025-01-22 09:00:00,21,curing,,,23.46,22.72,,,45.85,44.49,15.95,1.67,23.33,0
2025-01-22 10:00:00,21,curing,,,23.39,22.38,,,44.55,44.12,16.03,1.15,32.99,0
2025-01-22 11:00:00,21,curing,,,24.28,21.81,,,45.53,43.4,16.03,1.25,26.68,0
2025-01-22 12:00:00,21,curing,,,22.42,22.87,,,45.22,44.14,17.19,0.76,12.86,1
2025-01-22 13:00:00,21,curing,,,24.96,21.81,,,45.04,44.6,15.59,1.17,31.78,0
2025-01-22 14:00:00,21,curing,,,23.83,22.54,,,46.07,44.04,15.03,1.32,17.0,0
2025-01-22 15:00:00,21,curing,,,23.31,22.27,,,45.04,44.41,15.4,1.44,7.64,0
2025-01-22 16:00:00,21,curing,,,23.08,22.64,,,44.93,43.48,15.31,1.55,18.28,0
2025-01-22 17:00:00,21,curing,,,23.15,22.06,,,45.34,43.96,15.25,0.78,34.38,0
2025-01-22 18:00:00,21,curing,,,23.17,21.95,,,45.62,43.64,15.47,1.52,21.65,0
2025-01-22 19:00:00,21,curing,,,23.14,22.38,,,45.18,44.3,15.45,1.23,20.13,0
2025-01-22 20:00:00,21,curing,,,23.0,22.09,,,45.8,43.92,14.77,1.51,36.37,0
2025-01-22 21:00:00,21,curing,,,22.67,21.99,,,45.45,44.22,14.75,1.53,5.69,0
2025-01-22 22:00:00,21,curing,,,22.43,21.97,,,44.07,44.39,14.59,1.77,7.14,0
2025-01-22 23:00:00,21,curing,,,22.36,20.87,,,44.86,44.17,15.32,1.69,3.84,0
2025-01-23 00:00:00,22,curing,,,22.25,21.92,,,44.82,43.94,16.68,0.88,23.73,1
2025-01-23 01:00:00,22,curing,,,22.82,21.76,,,45.31,43.28,15.05,1.71,21.66,0
2025-01-23 02:00:00,22,curing,,,22.46,20.85,,,43.73,43.75,15.17,1.36,35.43,0
2025-01-23 03:00:00,22,curing,,,20.6,21.15,,,46.29,43.46,15.97,1.28,22.43,0
2025-01-23 04:00:00,22,curing,,,22.33,21.18,,,45.25,43.53,15.72,1.52,15.96,0
2025-01-23 05:00:00,22,curing,,,22.1,21.13,,,45.03,43.49,15.84,1.48,20.02,0
2025-01-23 06:00:00,22,curing,,,21.99,21.37,,,45.52,43.16,15.35,1.16,21.18,0
2025-01-23 07:00:00,22,curing,,,21.81,21.92,,,46.07,42.65,16.27,1.37,3.28,0
2025-01-23 08:00:00,22,curing,,,22.56,21.74,,,45.3,43.27,15.81,1.23,47.1,0
2025-01-23 09:00:00,22,curing,,,22.47,20.54,,,45.31,43.67,15.93,0.98,25.2,0
2025-01-23 10:00:00,22,curing,,,21.61,21.51,,,44.87,42.88,16.45,1.62,22.1,0
2025-01-23 11:00:00,22,curing,,,22.2,21.86,,,44.71,43.53,16.56,1.25,26.15,0
2025-01-23 12:00:00,22,curing,,,21.51,21.39,,,44.51,44.45,17.91,1.04,27.09,1
2025-01-23 13:00:00,22,curing,,,21.31,21.75,,,44.31,43.99,16.63,0.73,18.59,0
2025-01-23 14:00:00,22,curing,,,21.69,22.21,,,44.35,44.27,17.8,1.05,13.69,0
2025-01-23 15:00:00,22,curing,,,22.43,21.71,,,43.99,43.62,18.07,1.22,25.99,0
2025-01-23 16:00:00,22,curing,,,22.48,21.32,,,44.6,43.98,17.03,1.55,23.86,0
2025-01-23 17:00:00,22,curing,,,22.26,21.72,,,43.76,43.01,18.39,1.33,11.9,0
2025-01-23 18:00:00,22,curing,,,22.36,21.27,,,44.67,43.03,17.85,1.29,34.19,0
2025-01-23 19:00:00,22,curing,,,22.26,21.21,,,44.53,41.96,18.68,0.86,22.93,0
2025-01-23 20:00:00,22,curing,,,21.68,21.02,,,44.59,43.89,18.46,0.85,27.3,0
2025-01-23 21:00:00,22,curing,,,22.22,21.98,,,44.23,44.05,18.63,1.29,33.92,0
2025-01-23 22:00:00,22,curing,,,22.4,20.79,,,46.0,42.97,18.66,0.78,20.22,0
2025-01-23 23:00:00,22,curing,,,22.38,21.97,,,45.11,43.1,19.31,1.02,23.17,0
2025-01-24 00:00:00,23,curing,,,22.59,21.45,,,43.78,42.82,19.41,0.53,28.1,1
2025-01-24 01:00:00,23,curing,,,22.35,20.5,,,44.49,43.37,19.2,0.88,12.75,0
2025-01-24 02:00:00,23,curing,,,22.18,21.38,,,44.04,43.71,19.43,1.65,20.54,0
2025-01-24 03:00:00,23,curing,,,22.54,20.15,,,43.81,42.25,19.29,1.53,21.26,0
2025-01-24 04:00:00,23,curing,,,21.99,21.51,,,43.61,43.3,19.92,0.69,10.44,0
2025-01-24 05:00:00,23,curing,,,21.56,21.64,,,44.47,42.94,18.74,0.88,43.18,0
2025-01-24 06:00:00,23,curing,,,21.92,20.9,,,43.88,43.11,19.29,0.47,5.93,0
2025-01-24 07:00:00,23,curing,,,21.63,21.26,,,44.68,43.25,18.78,0.91,7.02,0
2025-01-24 08:00:00,23,curing,,,21.66,22.18,,,44.66,42.91,19.23,1.37,33.14,0
2025-01-24 09:00:00,23,curing,,,21.93,20.95,,,44.82,42.92,18.61,1.02,27.13,0
2025-01-24 10:00:00,23,curing,,,21.6,20.67,,,43.68,42.84,18.33,1.27,9.74,0
2025-01-24 11:00:00,23,curing,,,21.85,21.94,,,44.32,43.41,18.86,0.68,26.07,0
2025-01-24 12:00:00,23,curing,,,21.05,22.18,,,44.37,43.11,18.98,0.57,34.68,1
2025-01-24 13:00:00,23,curing,,,22.11,21.2,,,43.78,42.99,17.43,0.96,19.7,0
2025-01-24 14:00:00,23,curing,,,22.0,21.71,,,43.61,42.21,17.61,1.12,45.99,0
2025-01-24 15:00:00,23,curing,,,21.59,21.87,,,44.77,42.64,17.87,1.09,2.76,0
2025-01-24 16:00:00,23,curing,,,22.33,20.83,,,44.05,43.25,17.97,0.73,26.94,0
2025-01-24 17:00:00,23,curing,,,22.47,20.96,,,44.22,42.79,17.25,0.76,31.67,0
2025-01-24 18:00:00,23,curing,,,21.2,21.82,,,43.46,43.08,17.53,1.4,28.91,0
2025-01-24 19:00:00,23,curing,,,21.62,22.04,,,43.24,43.61,16.25,1.22,17.96,0
2025-01-24 20:00:00,23,curing,,,21.62,21.48,,,43.53,43.22,16.41,1.41,17.1,0
2025-01-24 21:00:00,23,curing,,,21.53,20.76,,,43.73,42.72,16.27,1.19,24.44,0
2025-01-24 22:00:00,23,curing,,,22.41,22.19,,,43.23,42.39,16.14,1.13,28.16,0
2025-01-24 23:00:00,23,curing,,,21.9,20.93,,,43.72,41.35,16.03,0.57,26.02,0
2025-01-25 00:00:00,24,curing,,,21.87,21.03,,,42.86,42.52,17.1,0.2,30.4,1
2025-01-25 01:00:00,24,curing,,,21.0,21.37,,,43.11,42.41,15.48,1.07,9.81,0
2025-01-25 02:00:00,24,curing,,,22.32,21.98,,,43.98,42.75,15.57,1.66,17.72,0
2025-01-25 03:00:00,24,curing,,,21.38,21.63,,,43.91,42.45,15.36,1.28,10.6,0
2025-01-25 04:00:00,24,curing,,,22.03,21.41,,,43.39,42.34,14.9,1.53,16.14,0
2025-01-25 05:00:00,24,curing,,,22.14,21.43,,,43.05,41.59,15.13,1.24,30.15,0
2025-01-25 06:00:00,24,curing,,,22.68,21.22,,,43.01,41.98,15.04,0.85,21.08,0
2025-01-25 07:00:00,24,curing,,,21.35,21.48,,,43.31,42.66,14.98,1.09,46.07,0
2025-01-25 08:00:00,24,curing,,,20.49,19.94,,,43.79,43.26,15.02,1.12,21.93,0
2025-01-25 09:00:00,24,curing,,,22.09,21.05,,,43.9,42.33,15.03,0.77,20.6,0
2025-01-25 10:00:00,24,curing,,,22.9,21.32,,,43.16,42.51,14.84,0.93,21.06,0
2025-01-25 11:00:00,24,curing,,,22.62,20.62,,,42.8,42.8,15.55,0.98,13.62,0
2025-01-25 12:00:00,24,curing,,,22.1,21.39,,,43.48,41.89,15.63,0.72,19.42,1
2025-01-25 13:00:00,24,curing,,,21.75,21.1,,,42.91,42.46,14.88,0.41,31.28,0
2025-01-25 14:00:00,24,curing,,,22.4,22.08,,,43.03,41.88,16.38,1.39,21.14,0
2025-01-25 15:00:00,24,curing,,,21.51,21.99,,,43.93,42.66,14.97,0.75,12.07,0
2025-01-25 16:00:00,24,curing,,,22.24,20.97,,,43.65,42.28,14.97,0.61,10.75,0
2025-01-25 17:00:00,24,curing,,,22.25,21.12,,,43.28,42.32,15.96,1.37,15.5,0
2025-01-25 18:00:00,24,curing,,,22.53,21.16,,,42.54,41.76,14.99,1.24,20.74,0
2025-01-25 19:00:00,24,curing,,,23.38,20.97,,,43.25,42.48,15.91,1.39,31.94,0
2025-01-25 20:00:00,24,curing,,,22.2,21.3,,,43.65,43.14,17.04,1.25,6.6,0
2025-01-25 21:00:00,24,curing,,,21.75,20.82,,,42.9,41.57,15.76,1.62,16.8,0
2025-01-25 22:00:00,24,curing,,,21.99,20.63,,,43.73,41.88,15.79,1.17,21.44,0
2025-01-25 23:00:00,24,curing,,,21.12,21.51,,,43.68,42.14,16.19,0.95,1.66,0
2025-01-26 00:00:00,25,curing,,,21.65,21.51,,,43.83,42.39,18.36,0.3,11.66,1
2025-01-26 01:00:00,25,curing,,,21.8,20.8,,,43.12,41.7,17.66,1.37,13.2,0
2025-01-26 02:00:00,25,curing,,,21.74,21.65,,,43.24,40.53,17.21,0.76,12.04,0
2025-01-26 03:00:00,25,curing,,,22.08,20.88,,,43.62,42.6,17.89,0.79,21.92,0
2025-01-26 04:00:00,25,curing,,,21.59,21.33,,,43.11,42.28,18.37,0.89,18.39,0
2025-01-26 05:00:00,25,curing,,,22.56,21.61,,,42.6,41.0,18.71,0.35,14.45,0
2025-01-26 06:00:00,25,curing,,,22.0,21.18,,,42.6,41.55,18.08,1.02,24.28,0
2025-01-26 07:00:00,25,curing,,,22.0,21.43,,,42.92,42.61,17.42,0.41,37.23,0
2025-01-26 08:00:00,25,curing,,,21.84,20.94,,,42.12,42.52,18.16,0.98,36.39,0
2025-01-26 09:00:00,25,curing,,,22.08,21.1,,,42.67,42.24,18.45,1.23,0.77,0
2025-01-26 10:00:00,25,curing,,,22.41,21.1,,,43.26,41.66,18.63,0.82,25.77,0
2025-01-26 11:00:00,25,curing,,,21.57,20.83,,,41.58,41.77,18.75,1.46,18.22,0
2025-01-26 12:00:00,25,curing,,,21.67,21.11,,,43.42,41.63,20.35,0.0,21.55,1
2025-01-26 13:00:00,25,curing,,,21.85,20.43,,,43.18,42.24,19.47,1.31,16.02,0
2025-01-26 14:00:00,25,curing,,,21.33,20.95,,,42.36,41.21,18.92,1.15,21.18,0
2025-01-26 15:00:00,25,curing,,,21.59,21.06,,,42.83,41.22,19.44,0.43,21.51,0
2025-01-26 16:00:00,25,curing,,,21.76,21.07,,,42.53,42.11,19.13,1.76,14.21,0
2025-01-26 17:00:00,25,curing,,,22.44,21.08,,,43.12,41.55,18.98,0.92,11.04,0
2025-01-26 18:00:00,25,curing,,,22.13,21.17,,,42.97,42.24,19.26,0.67,15.51,0
2025-01-26 19:00:00,25,curing,,,22.1,21.44,,,41.75,41.19,18.86,0.51,22.34,0
2025-01-26 20:00:00,25,curing,,,22.43,21.64,,,42.71,41.47,19.56,0.86,25.99,0
2025-01-26 21:00:00,25,curing,,,21.93,20.88,,,42.28,41.01,18.04,0.89,28.53,0
2025-01-26 22:00:00,25,curing,,,22.2,20.6,,,42.4,41.45,18.28,0.95,15.06,0
2025-01-26 23:00:00,25,curing,,,21.95,20.68,,,41.97,40.69,18.29,0.83,22.84,0
2025-01-27 00:00:00,26,curing,,,22.13,20.96,,,43.17,41.16,19.35,0.31,29.63,1
2025-01-27 01:00:00,26,curing,,,21.71,21.02,,,42.79,40.66,18.51,0.8,31.66,0
2025-01-27 02:00:00,26,curing,,,20.78,20.82,,,41.87,41.7,17.8,0.33,19.41,0
2025-01-27 03:00:00,26,curing,,,21.93,20.55,,,41.55,41.68,17.05,0.86,17.79,0
2025-01-27 04:00:00,26,curing,,,22.71,20.97,,,41.99,40.43,17.75,0.19,21.91,0
2025-01-27 05:00:00,26,curing,,,22.46,21.29,,,42.37,41.94,17.51,1.01,8.5,0
2025-01-27 06:00:00,26,curing,,,22.48,21.5,,,42.25,42.5,16.22,0.6,18.06,0
2025-01-27 07:00:00,26,curing,,,22.62,20.92,,,42.72,41.25,16.79,0.94,27.45,0
2025-01-27 08:00:00,26,curing,,,22.04,20.99,,,42.46,40.88,15.95,1.29,26.42,0
2025-01-27 09:00:00,26,curing,,,22.1,20.74,,,42.52,42.59,16.12,0.6,17.3,0
2025-01-27 10:00:00,26,curing,,,21.69,21.18,,,42.17,40.49,15.83,1.2,22.18,0
2025-01-27 11:00:00,26,curing,,,21.84,20.78,,,41.28,41.14,16.32,0.75,11.75,0
2025-01-27 12:00:00,26,curing,,,22.31,21.49,,,41.85,41.19,16.87,0.61,27.03,1
2025-01-27 13:00:00,26,curing,,,22.6,20.31,,,42.45,41.75,15.15,0.77,19.22,0
2025-01-27 14:00:00,26,curing,,,21.93,21.02,,,41.87,41.23,15.87,0.62,17.24,0
2025-01-27 15:00:00,26,curing,,,21.77,21.35,,,42.11,40.78,14.81,1.08,16.38,0
2025-01-27 16:00:00,26,curing,,,22.0,21.29,,,41.67,40.52,15.4,0.74,19.37,0
2025-01-27 17:00:00,26,curing,,,22.3,22.55,,,41.29,40.8,14.85,0.61,15.52,0
2025-01-27 18:00:00,26,curing,,,21.28,21.37,,,41.71,40.45,14.95,0.72,26.58,0
2025-01-27 19:00:00,26,curing,,,20.85,20.7,,,41.9,40.95,15.25,0.84,16.05,0
2025-01-27 20:00:00,26,curing,,,21.72,21.15,,,41.39,40.62,15.22,1.26,35.93,0
2025-01-27 21:00:00,26,curing,,,21.39,20.31,,,41.57,40.13,15.53,0.27,34.65,0
2025-01-27 22:00:00,26,curing,,,21.75,21.16,,,41.19,41.48,14.98,0.86,11.08,0
2025-01-27 23:00:00,26,curing,,,21.93,20.78,,,42.19,40.58,15.17,1.03,20.7,0
2025-01-28 00:00:00,27,curing,,,21.77,21.66,,,41.45,40.17,15.92,0.1,13.49,1
2025-01-28 01:00:00,27,curing,,,22.73,20.93,,,42.3,40.69,15.25,1.23,16.73,0
2025-01-28 02:00:00,27,curing,,,22.16,21.14,,,42.31,40.78,15.44,0.82,40.02,0
2025-01-28 03:00:00,27,curing,,,22.15,20.88,,,41.47,39.85,15.34,0.78,16.92,0
2025-01-28 04:00:00,27,curing,,,22.31,22.07,,,40.98,40.87,14.79,1.01,23.6,0
2025-01-28 05:00:00,27,curing,,,21.43,21.04,,,40.41,40.15,15.79,0.86,25.41,0
2025-01-28 06:00:00,27,curing,,,22.52,22.12,,,40.69,41.51,15.97,0.71,9.99,0
2025-01-28 07:00:00,27,curing,,,21.96,21.61,,,40.71,40.89,15.73,0.98,11.45,0
2025-01-28 08:00:00,27,curing,,,22.34,21.44,,,42.06,40.4,15.67,0.62,7.94,0
2025-01-28 09:00:00,27,curing,,,21.46,21.38,,,41.4,40.2,16.97,0.63,11.14,0
2025-01-28 10:00:00,27,curing,,,21.22,21.4,,,41.5,40.5,16.78,0.66,0.0,0
2025-01-28 11:00:00,27,curing,,,22.41,20.24,,,40.17,40.83,16.7,1.22,25.45,0
2025-01-28 12:00:00,27,curing,,,22.19,21.06,,,40.65,40.49,17.55,0.0,40.54,1
2025-01-28 13:00:00,27,curing,,,21.55,21.62,,,41.66,40.37,16.88,0.92,21.48,0
2025-01-28 14:00:00,27,curing,,,21.57,21.18,,,41.34,40.48,17.94,0.81,5.84,0
2025-01-28 15:00:00,27,curing,,,22.56,20.5,,,41.09,40.12,17.67,0.3,13.57,0
2025-01-28 16:00:00,27,curing,,,21.41,21.17,,,41.42,40.23,17.59,0.89,15.41,0
2025-01-28 17:00:00,27,curing,,,22.82,22.05,,,41.92,39.33,18.2,0.94,9.82,0
2025-01-28 18:00:00,27,curing,,,21.55,21.82,,,40.96,40.84,17.85,0.97,28.6,0
2025-01-28 19:00:00,27,curing,,,22.32,21.17,,,41.08,40.47,18.94,0.0,28.1,0
2025-01-28 20:00:00,27,curing,,,21.84,21.68,,,41.11,39.91,19.03,1.2,8.45,0
2025-01-28 21:00:00,27,curing,,,22.3,21.02,,,42.18,41.22,18.43,0.56,27.25,0
2025-01-28 22:00:00,27,curing,,,21.73,20.35,,,39.91,40.29,18.48,0.99,35.27,0
2025-01-28 23:00:00,27,curing,,,21.92,20.74,,,41.27,39.71,17.78,1.0,39.03,0
2025-01-29 00:00:00,28,curing,,,22.02,21.98,,,40.84,40.63,19.31,0.0,48.65,1
2025-01-29 01:00:00,28,curing,,,21.5,21.06,,,41.15,40.37,18.42,0.97,10.98,0
2025-01-29 02:00:00,28,curing,,,22.37,21.08,,,40.51,40.35,19.04,0.65,48.24,0
2025-01-29 03:00:00,28,curing,,,21.74,21.05,,,40.79,39.91,18.87,0.15,16.46,0
2025-01-29 04:00:00,28,curing,,,21.89,22.15,,,41.14,40.33,18.45,1.12,14.08,0
2025-01-29 05:00:00,28,curing,,,21.5,22.01,,,42.31,39.94,18.84,0.53,23.27,0
2025-01-29 06:00:00,28,curing,,,20.72,22.31,,,41.13,40.33,19.1,0.5,14.18,0
2025-01-29 07:00:00,28,curing,,,21.9,21.12,,,40.27,39.07,19.04,0.64,23.99,0
2025-01-29 08:00:00,28,curing,,,23.21,21.35,,,40.45,39.78,17.97,0.84,6.8,0
2025-01-29 09:00:00,28,curing,,,22.39,20.44,,,40.41,40.84,18.57,0.73,17.61,0
2025-01-29 10:00:00,28,curing,,,21.99,21.94,,,39.71,39.57,17.93,0.91,32.86,0
2025-01-29 11:00:00,28,curing,,,21.87,20.62,,,40.41,39.62,18.7,0.34,19.43,0
2025-01-29 12:00:00,28,curing,,,22.01,21.31,,,40.92,39.68,19.49,0.0,21.42,1
2025-01-29 13:00:00,28,curing,,,22.27,20.65,,,39.88,39.27,17.64,0.71,24.75,0
2025-01-29 14:00:00,28,curing,,,21.41,20.91,,,41.02,38.75,17.51,1.31,31.71,0
2025-01-29 15:00:00,28,curing,,,22.56,20.78,,,40.71,39.71,17.43,0.7,3.45,0
2025-01-29 16:00:00,28,curing,,,22.36,20.9,,,40.07,39.87,16.51,1.06,25.85,0
2025-01-29 17:00:00,28,curing,,,22.36,20.93,,,40.33,39.75,17.34,0.74,17.32,0
2025-01-29 18:00:00,28,curing,,,22.22,20.93,,,41.17,39.68,16.89,0.58,21.67,0
2025-01-29 19:00:00,28,curing,,,22.01,21.62,,,40.71,39.75,17.18,0.65,30.6,0
2025-01-29 20:00:00,28,curing,,,22.34,20.65,,,40.32,40.21,16.14,0.67,8.06,0
2025-01-29 21:00:00,28,curing,,,22.3,21.31,,,40.17,39.58,16.13,0.9,9.87,0
2025-01-29 22:00:00,28,curing,,,21.82,21.81,,,40.3,39.36,15.58,1.13,0.65,0
2025-01-29 23:00:00,28,curing,,,21.71,20.94,,,39.97,39.48,15.6,0.82,14.51,0
2025-01-30 00:00:00,29,curing,,,22.05,20.84,,,39.15,39.89,16.35,0.27,33.3,1
2025-01-30 01:00:00,29,curing,,,22.77,21.08,,,41.19,40.28,16.06,0.42,18.79,0
2025-01-30 02:00:00,29,curing,,,21.38,21.79,,,40.22,39.24,15.23,0.58,6.6,0
2025-01-30 03:00:00,29,curing,,,21.27,21.3,,,40.31,39.57,15.43,0.49,15.14,0
2025-01-30 04:00:00,29,curing,,,22.08,20.93,,,40.05,39.67,15.12,0.8,5.12,0
2025-01-30 05:00:00,29,curing,,,22.03,21.44,,,39.69,38.98,14.67,0.59,8.75,0
2025-01-30 06:00:00,29,curing,,,22.09,20.65,,,39.93,39.46,15.03,0.92,23.89,0
2025-01-30 07:00:00,29,curing,,,22.12,21.54,,,39.2,38.69,15.28,0.42,8.26,0
2025-01-30 08:00:00,29,curing,,,21.89,21.4,,,41.11,38.52,14.53,0.71,31.13,0
2025-01-30 09:00:00,29,curing,,,22.74,21.05,,,39.32,39.56,15.32,0.9,19.29,0
2025-01-30 10:00:00,29,curing,,,21.2,20.78,,,39.39,39.16,14.67,0.07,20.86,0
2025-01-30 11:00:00,29,curing,,,21.59,20.76,,,39.66,39.43,14.85,1.32,17.22,0
2025-01-30 12:00:00,29,curing,,,21.95,21.47,,,40.49,39.29,16.31,0.0,27.73,1
2025-01-30 13:00:00,29,curing,,,21.18,21.81,,,39.83,38.79,14.91,0.07,27.83,0
2025-01-30 14:00:00,29,curing,,,21.91,20.88,,,39.17,39.23,15.28,0.73,23.35,0
2025-01-30 15:00:00,29,curing,,,22.83,21.43,,,40.39,38.61,15.26,0.69,25.65,0
2025-01-30 16:00:00,29,curing,,,22.01,20.16,,,40.1,39.9,15.57,0.65,17.88,0
2025-01-30 17:00:00,29,curing,,,22.12,20.91,,,39.97,38.5,14.71,0.97,25.42,0
2025-01-30 18:00:00,29,curing,,,21.37,21.18,,,40.03,39.05,15.09,0.89,16.62,0
2025-01-30 19:00:00,29,curing,,,21.69,20.75,,,40.84,38.6,16.25,0.76,20.02,0
2025-01-30 20:00:00,29,curing,,,21.81,20.73,,,40.71,39.39,16.6,0.8,17.25,0
2025-01-30 21:00:00,29,curing,,,21.84,20.87,,,39.24,38.91,16.02,0.63,15.43,0
2025-01-30 22:00:00,29,curing,,,22.64,21.35,,,40.37,38.79,16.49,1.19,13.11,0
2025-01-30 23:00:00,29,curing,,,22.28,21.11,,,39.72,39.45,16.91,0.22,24.68,0
