,time_stamp,moisture_active1,moisture_active2,oxygen,co2,temperature_curing1,temperature_curing2,moisture_curing1,moisture_curing2,methane,temperature_active1,temperature_active2,temperature_active3,temperature_active4,run_id
0,2024-06-29,14.967362958398356,9.911543291517082,14.466904136115327,6641.257137545144,0.0,0.0,103.29240583703121,21.9119847148834,1188.9409225019742,16.110217829083837,16.03854160389212,15.971989585999374,15.924054088895067,0
1,2024-06-30,16.787176681643707,14.923514431871688,12.999907866637828,6624.21061472209,0.0,0.0,66.8463248157976,23.895142606097213,990.8116997958351,17.04031182251683,17.50051281599263,18.47068550849918,17.013907008925383,0
2,2024-07-01,18.37194213870766,19.981339181671203,11.59130032251948,6611.307876779922,0.0,0.0,27.837395739942462,25.975002841487104,787.9537597247175,17.863429090109452,18.981075523853345,21.056360783051463,17.944057188187454,0
3,2024-07-02,29.427474049229197,25.85991851388864,11.781183997698939,6423.148139319391,0.0,0.0,96.23168881309633,28.00637459918993,776.3655781095862,20.01139546545884,21.99228761822357,26.02407581401355,19.12251590914463,0
4,2024-07-03,26.28900241018495,23.08622725723655,11.088019114655896,6480.91564884891,0.0,0.0,101.74125915396193,27.84865318435387,886.0687952732128,23.94703912178971,24.95540500265991,29.9978288164835,22.847942207258775,0
5,2024-07-04,30.290855509466866,19.940334218421928,10.939072008859217,6365.768102070338,0.0,0.0,149.10876841954448,41.86481265926322,941.0358275273904,25.949648168415223,24.998242507321383,29.076481027515054,26.076256854315826,0
6,2024-07-05,25.167593952066845,22.472637174918773,10.717366752503105,6281.924600858314,0.0,0.0,108.0132992997724,49.97135534335068,937.1096846076939,24.20742093783321,22.94221764391536,26.998086595238647,24.526839377184025,0
7,2024-07-06,21.707656872424533,25.02547108309229,10.58838326388062,6188.683645617919,0.0,0.0,67.9565715930713,58.154130903811016,925.6072056998754,21.980325587563243,20.970494207255403,25.044158544736305,22.914043530579725,0
8,2024-07-07,27.21619360078706,23.337643072327513,10.532793239916383,6245.844913887456,0.0,0.0,72.70136828460092,54.651377346975835,921.1922589388945,20.852769114404374,20.67311354866633,23.915170891826637,21.776386187372832,0
9,2024-07-08,32.989517034456725,21.739729567361525,10.516483888646395,6296.866965562942,0.0,0.0,77.81984366302355,50.919533985965266,919.8731614912264,20.054090601502157,20.29236926145265,23.034533312755862,20.59084175881199,0
10,2024-07-09,37.80042548271311,19.998880168725645,10.451252908356135,6353.4171276468105,0.0,0.0,82.93598560252634,47.454478176914456,912.4298449451207,18.915919285609196,20.041430837762736,22.02978715087536,19.49110223564512,0
11,2024-07-10,42.62746017269167,18.328822891994502,10.417764826829455,6406.917714543143,0.0,0.0,88.61783203238161,43.88226982137868,908.467260406061,18.009034050786898,19.718773952390002,21.013674698066914,18.297165459248077,0
12,2024-07-11,47.979165929254094,16.591164692974733,10.403727391434295,6459.834702431984,0.0,0.0,94.9446469994767,40.72818506718664,901.3309458877541,16.97596410833735,19.33617358473677,20.02202454556427,17.114868349721757,0
13,2024-07-12,53.901742271339124,14.87852584876415,10.34405359272687,6520.992885991706,0.0,0.0,100.45157120835286,37.22829084761185,899.3688673233283,16.03969181621766,18.94422627986314,18.972139994409783,15.963342442780654,0
14,2024-07-13,53.9736200181458,15.071124946166941,10.359562063532687,6520.115886216933,0.0,0.0,99.47593072985985,37.009156283187664,897.280583606695,16.01726400396814,19.024558092613162,18.848502803858093,15.991659267463103,0
15,2024-07-14,53.2779075478121,14.946970185040993,10.326936313444492,6520.121343274854,0.0,0.0,99.49699201544321,36.946600976143074,898.9516763357593,15.880932633185637,19.018164208957124,18.916191562126432,15.960721672763146,0
16,2024-07-15,53.71127388491758,14.971178239349626,10.370366863625446,6519.099636411126,0.0,0.0,99.39707751045388,37.02380681778214,895.5478330732757,16.033188299970302,19.039468511291535,19.0694880907033,16.19087725998306,0
17,2024-07-16,54.0712082501756,14.90197659022366,10.356735268134374,6517.843420496276,0.0,0.0,99.86741173179392,36.95537043475779,897.1574944795595,15.929420971848936,19.036327901021863,19.215010228741946,15.879100746503118,0
18,2024-07-17,54.222603966018546,15.010480303774646,10.35467001578012,6518.122324890425,0.0,0.0,99.36923934458788,36.99078585583228,897.1007705597907,15.95667717896546,19.03352994243416,19.098472076517254,16.001645970188562,0
19,2024-07-18,54.013269595240295,15.12579296473784,10.359673907840847,6519.310268572949,0.0,0.0,99.45348171996405,37.03956965472048,896.2112405244897,15.957023858748395,18.940182881735648,19.041209217192097,16.110079863105913,0
20,2024-07-19,53.488333750259066,14.819847127539688,10.32362675616602,6517.2222312743825,0.0,0.0,99.84276787054532,37.197955563377626,895.3279914841218,15.991336421927016,18.968292710061718,19.102048049842253,15.935909795444426,0
21,2024-07-20,53.3008340374045,14.98983238938758,10.342674236672405,6514.343943737016,0.0,0.0,99.9050597850649,36.71550483854772,894.9102816109116,15.971031798148399,18.925007406450504,19.1217193126404,15.97617511829307,0
22,2024-07-21,54.38684680218607,15.203071111283139,10.324678181036901,6515.887168899848,0.0,0.0,100.42654349859406,36.77173473091139,897.4343500640658,16.039513116276858,19.011886151216054,18.915044017618452,16.092022960991336,0
23,2024-07-22,54.05841958466243,14.939732175816546,10.293385276149676,6515.8537328857965,0.0,0.0,100.66058242183621,37.16601544389928,898.7063675644067,16.117069724671257,18.982818068792966,19.067803262313753,16.072833651872006,0
24,2024-07-23,54.01191671599138,14.858612096833694,10.340090559550418,6520.00325756392,0.0,0.0,99.06870188011956,37.06934739439404,896.0080282488663,15.908828877346275,18.959136731336212,19.040229931972057,15.844743073617947,0
25,2024-07-24,54.4313777767155,15.043568304303774,10.357904082100546,6516.803597816645,0.0,0.0,100.06109753982949,36.7915724125858,899.8470413643712,15.948609519103874,19.00861818540492,19.06614256559771,15.906601345880594,0
26,2024-07-25,54.26455834073809,14.868886931657897,10.324383376256824,6514.809030515117,0.0,0.0,99.5634982314659,36.748558790293686,898.6273478809056,16.00513162009088,19.008434427043145,18.82170228403047,16.030518422256204,0
27,2024-07-26,54.03878657478813,15.032733013260552,10.329131850419628,6519.389799689492,0.0,0.0,100.38980988366492,37.118295004034955,897.17206483788,15.99899621845641,19.01932828485044,18.91161762918566,15.940247719862242,0
28,2024-07-27,54.035644270978906,15.052409354754134,10.343990941805018,6518.501740739469,0.0,0.0,100.03737838355191,37.10299259229384,898.0287584869016,15.993073362670136,18.99335649556851,19.026722129715285,15.913360472128623,0
29,2024-07-28,53.79625657219799,15.057620864323509,10.33007349108891,6515.704291827093,0.0,0.0,100.68736561050571,36.49739320568973,897.7277736908767,16.09405303356407,18.92237117232307,19.049320906687498,16.02225056763262,0
30,2024-07-29,54.66060570523299,14.923682910516277,10.333564659927944,6518.098353021135,0.0,0.0,99.88175135849762,37.108045673509594,894.5871130045128,15.949162352195218,18.949417883941035,19.040564666180778,15.979574746070869,0
31,2024-07-30,54.27648855874294,14.999118795172667,10.354435060055517,6519.640774919693,0.0,0.0,100.63774267381784,37.02258734606036,897.1009789077956,16.002248005920315,19.025085653818994,18.981795262849914,16.018327836275894,0
32,2024-07-31,53.84040215142048,15.069430530101977,10.315827340364189,6516.793504067017,0.0,0.0,100.43613497767531,36.72295145455347,897.7906323768582,16.064162427390823,19.011578793716637,19.13682284607638,16.06131170926824,0
33,2024-08-01,54.15994134024578,14.996697748520214,10.34078521291331,6516.862991009864,0.0,0.0,100.15443573613523,36.97768962018758,898.3894333124011,15.91641368537966,18.893311055250884,19.008354162144556,16.06346813512062,0
34,2024-08-02,54.30604704610316,15.088033589186384,10.356858765144862,6515.17918486403,0.0,0.0,100.14196062689511,37.079112090846586,898.7919550587609,15.957776605044034,18.979010405952067,19.037854290478847,16.015832659125493,0
35,2024-08-03,53.6927103316184,14.898658294963816,10.333915719499254,6516.548651471382,0.0,0.0,100.59259860982446,37.183479399975084,896.385791413947,16.06746563376094,18.98633542551158,18.970187094990255,15.920217328477454,0
36,2024-08-04,53.935813780170015,14.937129791027392,10.331904591645774,6519.425384012119,0.0,0.0,100.77468768040858,36.79097101457792,898.3648053383738,15.981894011111113,18.98028568310405,18.946234801425405,15.918810528999279,0
37,2024-08-05,54.14153561232138,15.003588371478452,10.356689314725,6511.635353772569,0.0,0.0,99.22761269962535,37.13561004399628,896.0560591762938,16.066160163444895,18.95652229203068,19.085902377429456,16.018350928155378,0
38,2024-08-06,54.348791439336914,14.996097231203807,10.375460786630683,6517.92999453928,0.0,0.0,99.35477949815693,36.77235236778932,897.7812711643676,16.061670727874215,19.08155376965446,19.12251929296948,16.004510402788444,0
39,2024-08-07,54.40638218236701,14.9786163569914,10.358643980343473,6515.399966422542,0.0,0.0,100.40945023795167,37.14686685525527,896.4617465150458,15.891382496312746,18.98099025248403,18.89994982609754,16.034355871563722,0
40,2024-08-08,53.40682862175761,15.061985188459726,10.335646572848741,6514.433116544025,0.0,0.0,99.37517531517102,37.02439271742234,896.4509159529872,16.026482536380065,18.981594901870746,18.93331874299309,16.05247732001893,0
41,2024-08-09,53.962750360573885,14.962429794045129,10.330735893314408,6514.273668590069,0.0,0.0,99.5219038333318,36.89679007838739,897.5046704164204,16.03998399035386,18.969684480599792,19.17087645051513,16.004323011511712,0
42,2024-08-10,54.11738680550021,15.035601231322238,10.341235947807352,6517.516317203418,0.0,0.0,100.34433605839013,37.11365470893375,897.4107028788454,16.01376531849618,19.034142281904003,19.131046709304382,15.964049644752485,0
43,2024-08-11,54.47287378773157,14.915830402146666,10.344375627311512,6520.233831436754,0.0,0.0,100.07441115109434,37.01225092050509,895.1610600470349,15.944592583347138,19.073278145583135,19.0384333737592,15.809388901242633,0
44,2024-08-12,53.910315220455374,15.188947725396481,10.359872596865959,6513.58106999315,0.0,0.0,99.78083171429309,36.97226063102855,897.4420394457017,16.0109637765671,19.09873145436966,19.022925717000348,15.993253264945984,0
45,2024-08-13,53.62534646361151,15.176836037227918,10.352391024167957,6520.011812150999,0.0,0.0,99.2401755814712,36.969630327087195,897.4946519671663,16.02644323935263,18.972799334743005,19.047661446873057,16.020046354785286,0
46,2024-08-14,54.46674149675593,15.037587699844693,10.33801399042737,6518.521612790615,0.0,0.0,99.75020231610858,36.78991294119656,897.6833416099968,15.928984244146967,18.97360344919443,18.9656019215852,16.004830654185668,0
47,2024-08-15,54.10189240875939,15.149233402980627,10.360552989574911,6517.2601901192365,0.0,0.0,100.68329490351584,37.07699421911461,895.5131380659129,16.006531334822213,19.027825448392296,19.03236366836342,15.970493362625481,0
48,2024-08-16,53.93847241728401,14.942633098605837,10.373756465119726,6514.21409372337,0.0,0.0,100.03890467840326,36.875500348505156,896.6818455442597,15.99365047072354,19.063159109492485,19.040302395747563,15.99848286386117,0
49,2024-08-17,54.281849126194444,15.087336255181082,10.353212950922726,6516.2023635033465,0.0,0.0,100.17575581421572,37.01254024237139,899.5339757686137,15.804869083959488,18.97663380833358,18.968084953723082,16.012081055910617,0
50,2024-08-18,53.79948173694436,15.041919188650406,10.33115027591333,6512.144422795726,0.0,0.0,99.37942322745597,36.881666594328976,895.1458807377279,15.967868184853966,19.021321647596217,18.966866744940457,15.944705375637696,0
51,2024-08-19,54.16603958428274,15.120690213413914,10.336008657456363,6522.268746319771,0.0,0.0,100.02036149948864,36.81976656889336,896.5961811887523,15.935897492502296,19.062111691095456,18.852289513327282,15.957136861010335,0
52,2024-08-20,53.9493661505589,14.908053730419525,10.337014483256365,6523.4416731097335,0.0,0.0,100.32679857309738,36.85404948934371,896.3677235318929,15.975351428126475,19.076625579173477,19.162933777745902,15.926754240777557,0
53,2024-08-22,14.272401796146584,9.968328587012957,14.432750783186165,6636.577380908713,0.0,0.0,103.23087988345966,21.881817817095765,1188.6301846140168,16.047571694827614,16.06698783229394,15.974073712615185,16.012828850938988,1
54,2024-08-23,16.26744602401006,15.043913340291391,13.019347020114624,6625.734656839594,0.0,0.0,65.63981648184233,24.044208372108592,990.8639132733456,17.007109375087445,17.537928120240778,18.546169680900807,16.870585920074323,1
55,2024-08-24,18.46211409450934,19.875242137686136,11.582861586101984,6609.318327550396,0.0,0.0,27.800144539475873,26.132215055540907,789.3003677708539,18.045048166512952,18.935111496311414,20.86086302135149,18.00041111822348,1
56,2024-08-25,29.073864359938955,26.139253884755835,11.727730319615931,6422.1207499914135,0.0,0.0,96.2032414751858,28.250233512603433,778.8094516479932,20.035496723111198,22.009105722187314,26.021250166172077,19.00351634095071,1
57,2024-08-26,25.903726265764657,22.8289836960164,11.06754860537543,6479.793634540105,0.0,0.0,102.11774781344111,27.707112562836485,887.222162842411,23.94202866599893,24.9847103076993,29.925347406926367,23.104819409695985,1
58,2024-08-27,30.036587606224607,20.10022666569769,10.878707252245585,6369.751327403158,0.0,0.0,149.76360117471384,42.036849189118236,942.8527275857714,26.02145192653611,25.10367654130942,28.91246573123593,25.898119820455108,1
59,2024-08-28,25.950793713230503,22.596842248176316,10.734530416872644,6281.568684522078,0.0,0.0,108.28760613506117,50.25685457035105,934.3770133308002,24.09026069909376,23.048868687670783,26.82586610403819,24.488569651663166,1
60,2024-08-29,22.39988756627949,25.12250878977162,10.571866777872275,6193.569856127772,0.0,0.0,66.67057549141659,57.885172787374906,927.3130315215161,22.079698340792223,21.01981467635908,25.07597588205093,22.923412550571715,1
61,2024-08-30,27.367739762657916,23.244302720809944,10.55333161875367,6242.581629714331,0.0,0.0,73.07205405832676,54.80677079262997,920.9972377800101,20.9092273540441,20.64621760384991,24.093080860686452,21.795204253444997,1
62,2024-08-31,32.61664493279721,21.677418282371796,10.450625213789472,6300.5900158524755,0.0,0.0,77.4939604505902,50.69627923617365,914.6788700083997,20.004634634978864,20.285319580199623,23.168706809118703,20.62185982438408,1
63,2024-09-01,37.89050327548494,19.937381806174905,10.476718258874124,6351.5269464552,0.0,0.0,83.92888480111878,47.705119119193434,911.5219786282103,18.994663880051395,20.110291198397178,21.947749621629303,19.493508992219937,1
64,2024-09-02,43.342272788511764,18.182840368124705,10.437129394957708,6405.304225471106,0.0,0.0,89.33253220197959,44.10755005971588,906.5943490274111,17.881088440681754,19.626589968266014,21.069455804332044,18.390354002817016,1
65,2024-09-03,48.682634808982236,16.573053407300144,10.390690288843613,6457.886416345519,0.0,0.0,94.76460756475694,40.58929268275532,902.396834637188,16.985807955147557,19.337113011857838,19.987934945380037,17.11683826320611,1
66,2024-09-04,53.70759661966767,15.063634036761451,10.354503468426918,6516.213520597534,0.0,0.0,100.35329405071687,36.98617433106606,896.1926853905269,15.975324828746222,18.933994423114797,19.050291275383195,15.990437073970396,1
67,2024-09-05,54.509853138078256,14.949053913895163,10.347719869885601,6515.769462591772,0.0,0.0,99.82173262956795,37.0565984116305,896.2083564050754,15.978187420735654,19.09854062955127,18.907267094691953,15.918825194569916,1
68,2024-09-06,53.23419546475012,15.187054423294198,10.339171527317568,6514.371529523136,0.0,0.0,100.00076983435042,37.1562262797246,895.9783454439479,16.041454066522245,19.06466950691306,19.00796527407196,15.910132930706952,1
69,2024-09-07,54.14891647362607,15.197144460889627,10.342745737832972,6520.09736134532,0.0,0.0,99.7280637775428,37.0770278709477,896.9229982449689,15.983942409517942,18.94515963465592,19.115924779074902,15.99619765790451,1
70,2024-09-08,54.16258403424036,15.003404883715248,10.340063745208113,6515.737613244149,0.0,0.0,99.62588550915486,37.15802149310202,898.640928447406,15.995584366829945,18.985430126746866,19.061869008147443,15.979900068472412,1
71,2024-09-09,53.71861396401209,15.127302461703593,10.385471443585777,6515.096784852229,0.0,0.0,100.00459286587537,36.825574235491764,896.6657817112385,15.927054340918673,18.98832860579304,19.050007027986098,15.982106481194892,1
72,2024-09-10,54.908952202002126,15.161543698203918,10.37205190913444,6517.189109188679,0.0,0.0,99.32150524007932,36.7668192545681,897.859931577506,16.007502673485135,19.03598739347363,19.07633592358595,16.024974994845298,1
73,2024-09-11,53.8649591923552,15.088264755788977,10.330619188327772,6514.8562322674725,0.0,0.0,99.41700372546897,36.79020904046043,897.5845374891404,16.033175073956397,18.97241015856789,19.019009435049856,15.89286577947833,1
74,2024-09-12,53.743102148150214,15.051859683270887,10.366908615855357,6516.981030376904,0.0,0.0,100.32934002664632,37.19079064696596,895.0566467785943,16.07498624685618,19.03858326155302,18.931217910613714,15.960778453125416,1
75,2024-09-13,54.00709317236646,15.053315455948198,10.316039065577552,6517.254622825162,0.0,0.0,100.34914045276275,37.07503667946621,897.91668085542,16.066717591976346,18.992086185770333,19.06800118379828,15.964584704580227,1
76,2024-09-14,54.331545171086674,14.859846994639753,10.348679040403002,6515.871914615926,0.0,0.0,99.54257116437806,37.24343022825583,896.6090663947746,16.169618711233845,18.965468619309156,18.914321281109522,15.948578729415567,1
77,2024-09-15,54.39359566750852,15.069519370237796,10.319828413468837,6514.636718749453,0.0,0.0,99.97861535507687,36.89146822482631,896.7093224957406,16.047010170382162,18.992076547228336,18.909748314618195,16.073125644325916,1
78,2024-09-16,53.725184142447,14.988012848793785,10.354814016289726,6517.206177389789,0.0,0.0,100.64293778247949,36.990686862756355,896.4195561156486,16.04777357127422,18.998584622144165,18.983655705243923,15.989639966520214,1
79,2024-09-17,53.76663221069765,14.836197512405942,10.320499190372482,6517.13744659109,0.0,0.0,100.38538238311106,36.884494749425194,894.7982840381222,16.05014882375297,19.063396489095197,18.92229009386287,16.017356401557908,1
80,2024-09-18,54.056798542449854,15.04266576807013,10.305017594177492,6515.71885385352,0.0,0.0,99.83674846104533,36.984260828828475,896.811971336586,16.082774184231372,18.95179490597626,18.862520227036207,16.01373238397806,1
81,2024-09-19,53.82307676859732,15.081151843560573,10.342842467724028,6519.153897755495,0.0,0.0,100.38337931708965,37.13474230410529,894.3351282852735,16.02513711945204,19.049331394857656,19.037715421962698,15.908266196186867,1
82,2024-09-20,54.09822971335804,14.848064332143654,10.34226315011634,6510.182160321822,0.0,0.0,100.32111912922039,36.970290826320934,897.5672092008533,16.087522305787818,19.007428420689532,18.98780907856088,15.87933400879451,1
83,2024-09-21,53.030782120727544,14.853858283904664,10.296479587650605,6517.840068681221,0.0,0.0,100.39009781873374,37.0184068617544,896.2070083672165,16.15767707667762,19.0347158510237,18.901606655121164,16.109662650262838,1
84,2024-09-22,54.08212004136493,15.10204428999866,10.314633464657973,6509.331327087074,0.0,0.0,99.62316342963767,37.03332699154964,897.4692706425212,15.957045934286755,19.0338235602947,19.045973164704964,16.005101391792834,1
85,2024-09-23,54.553969805267904,14.817935486681975,10.321204656064177,6520.964817375295,0.0,0.0,99.39536017902158,37.09197825899712,898.4068094518467,15.961380281191033,19.03138680085183,18.891549657383592,16.06777148184498,1
86,2024-09-24,53.82117909257628,14.910630774614894,10.302728445383732,6516.933485008076,0.0,0.0,100.3393486764062,37.00245720769506,897.3409799834161,16.092610537323548,18.969398058058026,18.851604060444707,16.108978966903802,1
87,2024-09-25,54.134373224471595,14.95236808106277,10.324023846784593,6515.649074235382,0.0,0.0,100.77372941652784,37.26139475924348,896.1920804318247,15.994740461037791,18.970318098997407,19.161366164658247,16.109923891780735,1
88,2024-09-26,53.80123958329542,15.017824835139354,10.35653051484085,6516.42910835534,0.0,0.0,100.00476404566272,36.87758755149673,896.17111099741,16.01828231858664,19.027840865924357,18.94714426878014,15.917570039096615,1
89,2024-09-27,54.15861975643605,14.968862643129372,10.365508916897785,6513.997948418277,0.0,0.0,100.23806734119447,36.71138750183592,897.1137763357591,15.960340560375457,19.007805823709056,19.062336622493067,16.08742044592453,1
90,2024-09-28,53.74340738934266,15.065042173016641,10.354101589347342,6515.211609104095,0.0,0.0,99.82542023833632,36.613511309811905,895.9133771284371,16.041656185886854,18.930220165936714,18.98517198748118,15.955314653697702,1
91,2024-09-29,53.927605801025095,15.00625708080678,10.330229945279989,6519.020794388258,0.0,0.0,100.13526175876699,36.723219923852646,897.4216606073692,16.061933245637885,19.01654593904146,19.080247192553994,16.03708896168912,1
92,2024-09-30,53.83826554363106,14.870447927053695,10.349055676092977,6515.604663347619,0.0,0.0,100.21090395475633,37.18859037203359,894.9272172808294,15.955466052684336,18.978713030007405,19.161313926533847,15.946571260027879,1
93,2024-10-01,53.66882917986001,15.141486575634946,10.322445648849055,6511.464275823397,0.0,0.0,99.84214796124877,37.0177535612226,899.4086720797693,16.00436436624415,18.988428535192277,18.903019773382297,16.08586058749106,1
94,2024-10-02,54.24171389131907,15.154070143437798,10.342612838831112,6518.649507568771,0.0,0.0,100.8040393438829,37.332808588272904,895.9532840738101,16.126419667458066,19.01503095339232,19.126794371516677,16.004550582826955,1
95,2024-10-03,54.89037822914568,14.965935034275356,10.364495287734558,6518.105095137375,0.0,0.0,99.91167383288226,37.157958114847915,897.1320388697691,16.094925218362693,18.953448529937315,19.038004162568914,15.919815936035349,1
96,2024-10-04,53.908193773101736,14.917211725872203,10.367758382645228,6518.531853112343,0.0,0.0,99.32102863669786,36.935265023077555,895.4074031550218,15.975631535552871,19.014675588544403,18.99122917965267,16.040877167333413,1
97,2024-10-05,53.69485934935617,15.003329929041408,10.337970253843753,6519.906909994129,0.0,0.0,99.6663379007559,36.981411930943445,897.8516040106543,15.823848559401377,19.04128282099576,19.034790106538388,16.056758184893827,1
98,2024-10-06,54.620934226521626,15.122459857572032,10.34392104564511,6513.976771624561,0.0,0.0,100.12354606571326,36.690572851382996,898.8690861239421,15.943110611410741,19.003150237258996,18.857472807643983,16.037616379735454,1
99,2024-10-07,54.32021764639978,14.870613350797514,10.350213864370785,6519.4281002357075,0.0,0.0,99.65457022494465,36.869926826275154,896.7231053923772,16.016501734519142,18.99839742181994,19.021732239463564,16.065183811323447,1
100,2024-10-08,53.519328917895514,15.035487090810664,10.314108911437753,6520.919726342064,0.0,0.0,100.29630733487262,37.27966666716578,896.0326578229187,15.919011006509946,19.005572040868273,18.93258515513809,15.926775144430538,1
101,2024-10-09,54.43033926356387,14.902101117795343,10.30982141867899,6513.68897075218,0.0,0.0,100.79373277746438,37.22568690405081,896.2663472625987,15.986733200230173,18.975093710151803,18.983436535259575,16.04268182747262,1
102,2024-10-10,53.805154306644695,15.037537538036396,10.333787016335723,6518.1721501051,0.0,0.0,100.05846144538283,37.20354308312816,897.9664758304444,16.04742719162709,18.970245189512468,19.021521218234884,15.880214066986067,1
103,2024-10-11,54.36083545627323,15.053040511256055,10.347974815312725,6517.151910215574,0.0,0.0,99.83696043379295,36.92909123672362,895.4895788309963,16.006592587234437,19.065251798171325,18.897811553031385,15.927260067157606,1
104,2024-10-12,54.49699749564813,14.883186068245934,10.32346943070223,6516.468900760378,0.0,0.0,100.18770968137,36.81801201823897,894.692655831039,16.13530183365016,18.951765667924295,19.156768889984303,15.974471236532537,1
105,2024-10-13,53.876191532814644,14.963137223114122,10.370052650597929,6520.009843026603,0.0,0.0,100.42734503214179,37.0304604817203,896.837214584214,15.99086897284635,19.018338698417114,18.998404588693408,15.931091497775057,1
106,2024-10-15,14.994174302165078,10.098415105440743,14.429616796961886,6635.009962285323,0.0,0.0,103.77258957161744,22.14909654940419,1189.990393108839,16.018989052924955,15.937992842243604,15.902062641264347,15.997764520669584,2
107,2024-10-16,16.638552992971647,15.139241888826778,13.000648159341022,6622.1335890347455,0.0,0.0,65.85901388497567,24.180040010802156,989.8796368570762,16.901665799693255,17.540200135413343,18.547301817318893,17.083957008192183,2
108,2024-10-17,18.20113332616127,20.005092508566307,11.648092657845078,6607.388329170872,0.0,0.0,28.26934503942172,25.804408444059074,788.4533398448997,18.028611610516673,19.012563718711505,20.889759916322813,17.9577733114592,2
109,2024-10-18,29.446812270590293,25.975436043846837,11.767222659183988,6425.526432549077,0.0,0.0,95.36916831306138,28.063626573290897,777.8711574664374,19.889717035212822,22.043098609607934,25.982737085271477,19.059034722082934,2
110,2024-10-19,25.250862410114113,23.2443650046635,11.091358300451995,6481.009717204934,0.0,0.0,103.0044787764406,28.118316954321088,885.7431806390993,23.943670392697523,24.985725282452048,30.053342845377408,23.053036490622446,2
111,2024-10-20,29.82768804449732,19.973696753493385,10.87964251186105,6365.590273813469,0.0,0.0,148.74116600848836,41.85238991251682,943.1473422856532,26.061802122520618,24.905066050309994,28.924581409366848,25.911969867838383,2
112,2024-10-21,26.10329600104872,22.48772699934901,10.739148743692747,6277.561847746445,0.0,0.0,107.55512120842954,50.38137480356896,933.8554632374791,23.998102576538795,23.031196788157903,26.910523901602154,24.44358107413554,2
113,2024-10-22,21.62005339036195,24.958031694433583,10.518714482193486,6186.789582562998,0.0,0.0,66.66707431894677,58.1249388584031,927.3843483474112,22.03653985262828,21.02504485121733,25.06241205699968,23.033046616951783,2
114,2024-10-23,27.118758617536933,23.251236901421333,10.500292004088633,6241.355223867172,0.0,0.0,71.61748610031947,54.54943775772058,922.0574357945102,21.077405582363944,20.773647552267725,24.010975510154953,21.771038989805554,2
115,2024-10-24,33.02642246757075,21.64905198108436,10.492838860465683,6296.628619849153,0.0,0.0,77.45621935263092,50.84161927797517,915.6796403778346,20.103674665603354,20.310144134634022,22.95052462041091,20.619313946880233,2
116,2024-10-25,37.657681482237805,19.937387899046904,10.434158645624802,6356.097555237599,0.0,0.0,82.859579011119,47.61900176418537,910.1634461757928,18.965695447514836,19.97255896374903,22.041953235392,19.451171465637703,2
117,2024-10-26,43.52245323804042,18.34588407698651,10.419751785142296,6408.735235600165,0.0,0.0,89.25683582095382,43.96526681806317,905.7481343731961,17.870398638092063,19.628321222625665,20.988050167993492,18.47361998410608,2
118,2024-10-27,48.82270318749967,16.6802628257779,10.401212249324779,6460.356152292611,0.0,0.0,94.24724664461571,40.693137053777,900.3279465673847,17.118838879503073,19.322501597921203,19.959752717372528,17.076374151801183,2
119,2024-10-28,54.31312818986559,15.088611057428048,10.339090671740802,6521.101147290463,0.0,0.0,99.13174333089852,36.8929795536549,896.0460879647646,15.976372000935882,18.86695250147478,19.025471420772867,15.919574309921362,2
120,2024-10-29,53.849303847220185,15.059482290057455,10.337776662991944,6516.659391841336,0.0,0.0,99.75655794622824,37.23410534634887,895.9273839177212,16.06997111938944,19.06872894702065,18.97426734973016,16.13922004271098,2
121,2024-10-30,54.58179191178014,14.996758606520316,10.323463255175534,6517.5631741583065,0.0,0.0,100.49840795470625,37.186929616509744,895.2370345595863,15.965203395058326,19.04097308149631,19.074306713064438,15.983372509203953,2
122,2024-10-31,53.72360838221454,14.933716675179506,10.33955169327247,6516.005967994144,0.0,0.0,99.53381762718465,36.89351961486163,897.5565390336112,15.891101300205861,18.983370391828593,19.176007663587075,16.16346149361018,2
123,2024-11-01,54.098990543729144,14.961833772292934,10.282627999728959,6517.81621636494,0.0,0.0,99.50469467781002,37.23717934117587,897.0351012530327,16.073465521952798,19.005355286562164,19.022408408359023,16.049788547819425,2
124,2024-11-02,54.44844066465763,15.02728870053881,10.356411063369592,6515.388848031715,0.0,0.0,100.39244057404164,36.87835140879177,895.8173231563057,15.932319230109949,18.989298707945746,19.025558281453147,16.02691282891253,2
125,2024-11-03,53.83710116876367,14.776451802430131,10.300260322169523,6516.869195122689,0.0,0.0,99.99180093361511,37.10020147978285,898.0950877889161,15.976634978651179,19.043027380575488,19.122274659944736,15.967037971190816,2
126,2024-11-04,53.930820302358626,15.089553680459964,10.3719180754211,6516.360526751238,0.0,0.0,100.1074310620384,37.45380467649975,897.5994270625769,16.04401275851024,18.93900515200154,18.86062631788618,16.006538957693863,2
127,2024-11-05,53.95385742471483,15.11674814748712,10.313692851973755,6516.270928317794,0.0,0.0,100.11560524120966,37.151673392038894,896.6986620291902,15.974712542414629,19.04407785824139,18.96971979240728,16.0142587939508,2
128,2024-11-06,54.12549310056889,14.930214193513272,10.346639208434317,6518.357622887099,0.0,0.0,99.9518430397809,37.03140126843968,899.1677826642936,16.021914632175502,18.98911046997523,18.8732848731963,16.02778409950231,2
129,2024-11-07,54.41486411536944,15.01995943706108,10.33989105683265,6512.526326250444,0.0,0.0,100.08546524832701,36.94978209880729,896.2839562026528,15.952481014748562,19.074514624573286,19.020376193083376,16.18704639516709,2
130,2024-11-08,53.77669549882254,14.952350170620283,10.356580464916481,6514.570851289682,0.0,0.0,100.18194503938025,36.775702211036354,898.6763794927199,16.07975622408581,18.907722555179475,19.13076181264573,16.027702773802677,2
131,2024-11-09,54.223302512603006,15.10102350430049,10.370013472733673,6514.9491948323985,0.0,0.0,100.60753999068817,37.29219232944677,899.3710252680268,16.096735101655646,18.97419824496105,18.98045172990256,15.93111007826921,2
132,2024-11-10,53.97364428368811,15.13602034334094,10.359059760817553,6516.71112677645,0.0,0.0,100.48813487058831,37.001170789397776,898.5608902206832,16.02838779329958,19.028582888758915,19.036076604216195,16.015280603973757,2
133,2024-11-11,54.02180625656955,14.931075654303834,10.338496054203777,6521.810464018616,0.0,0.0,99.81246938068632,36.77023301493478,896.4654834100602,16.04758763600201,19.025659748877633,19.030725618209456,16.05854611677504,2
134,2024-11-12,54.25832472719868,14.820243398476242,10.359274681669689,6512.998290351515,0.0,0.0,99.1117032795274,36.84050551820607,896.2105335589142,16.05300771580581,18.999886956300777,18.879857658484546,16.011020797936375,2
135,2024-11-13,54.13730166725059,15.074070035534726,10.357804890580104,6515.780506071531,0.0,0.0,99.83835385536267,36.90105538425254,899.8744109346142,16.02325302791811,18.993820103510668,18.95988679414047,15.89206061263514,2
136,2024-11-14,53.49025290583083,15.045605936724991,10.345232977198965,6520.18704704609,0.0,0.0,100.28801512150568,36.946943497711906,898.0313302123427,16.068742617308242,18.99285939273886,19.147487573266197,16.087693642084602,2
137,2024-11-15,54.21004516592733,14.999637802537663,10.317478669031601,6515.637504457824,0.0,0.0,100.16312261342834,36.819078077344734,898.1637999248305,15.920982092572745,19.012240127649118,18.956080589443644,15.946376116848453,2
138,2024-11-16,53.89198363355325,15.130472183243894,10.38688659835246,6516.766806416842,0.0,0.0,100.3233379987842,36.86840314058141,896.407897780517,15.980081975631586,19.011518462346903,18.954825731166093,16.078941241837853,2
139,2024-11-17,53.95423609473265,14.942093979195224,10.345734931659011,6513.457587922405,0.0,0.0,100.7240314702424,37.375682209842566,896.9067546088454,16.08936508822957,18.982363183298663,18.861032608567996,16.03173960197894,2
140,2024-11-18,54.48600032087464,15.030435714432986,10.350989090612453,6521.09413739806,0.0,0.0,100.55433440140537,36.98262343048343,896.5434857725559,16.040090903432432,19.007347309594902,19.038795099163934,16.03928371119077,2
141,2024-11-19,53.39484968042377,14.849243018092917,10.328273542524956,6512.798212112165,0.0,0.0,99.69791219544628,36.85476774192856,895.3455948515979,16.016277011854736,19.000401973809712,19.09485233464991,16.09859776265938,2
142,2024-11-20,54.16906614352928,15.036445366404871,10.352369530286381,6518.211214846242,0.0,0.0,99.61844073204524,37.01839846730608,897.9276862218239,15.972278800192717,18.9641782074706,18.98895869979483,16.006230424848482,2
143,2024-11-21,53.60393816321552,15.052777145574831,10.357962987585223,6520.075633872759,0.0,0.0,99.74570223258253,37.00704315167069,895.5815551044556,15.913634185727288,18.976014716613456,18.980065206774988,16.040436486394274,2
144,2024-11-22,53.60501456732371,14.989325633420973,10.318040492814559,6514.3860598954225,0.0,0.0,100.82441044380319,37.07662441285364,897.2608594262487,15.969595335653676,19.0880261668371,18.997242749024853,15.924977098658815,2
145,2024-11-23,53.39899212577151,15.116644792985683,10.381080892004508,6516.230063920036,0.0,0.0,100.14079051012104,37.05581981643535,894.2371883459606,15.96767507432828,18.957604143434516,18.989598993691896,16.07307906240277,2
146,2024-11-24,53.85859090204288,15.080856841861703,10.325983304121479,6519.905349567458,0.0,0.0,100.27036384104366,37.36388883420037,895.8775155026151,16.107445763572844,18.997368678886822,18.99288622905068,15.979194641289256,2
147,2024-11-25,53.65625468374829,14.929897712256794,10.293348105788766,6513.551525903163,0.0,0.0,99.79146245231846,37.04632353810988,897.3701642533321,15.987231269240226,18.961432833067214,18.96852857861559,16.016514918295858,2
148,2024-11-26,53.4849091102664,15.184705032356572,10.330743950295787,6516.116388066621,0.0,0.0,100.30733517220946,36.71803923319959,897.5476851593969,16.000192957537816,18.997799464158646,18.968953270561187,15.928807751732537,2
149,2024-11-27,54.78426387200886,15.069309125421892,10.299669176051644,6518.52205340353,0.0,0.0,100.11907703751213,36.80361815615613,897.3729830521943,15.97376454708955,18.989681897729728,19.102149206295678,15.992290769045843,2
150,2024-11-28,54.06830494244645,14.978204069341073,10.306961737610699,6511.833684227748,0.0,0.0,100.60894951002564,37.17087396478411,896.944772910552,16.04718591965582,18.929676043247447,19.002894196781536,16.0570279452393,2
151,2024-11-29,53.65512049009033,15.014484014266777,10.309781670749029,6517.57509010331,0.0,0.0,99.90866023499446,37.29848763711306,895.6858932627745,16.095468274401533,18.962075966448317,19.13792305218041,16.040222471433243,2
152,2024-11-30,54.3351225449631,14.948006208881795,10.358865829667419,6518.1633370307045,0.0,0.0,100.20329141911466,36.77110635789784,897.2932439779827,16.090649627577864,18.963990569268624,18.99812271708847,15.96180130637248,2
153,2024-12-01,53.95095823378315,14.900451107223196,10.354171326871574,6513.017632595416,0.0,0.0,100.23741172471986,37.22588871270236,895.9169802576528,15.950225151148551,19.00374412904785,18.94143254088766,15.924214640153565,2
154,2024-12-02,54.056987468148094,14.826959965487172,10.364022489297238,6520.745075639907,0.0,0.0,99.10581290868275,37.08495331575647,896.7008165441315,15.998975078864317,18.962169920665165,19.02151050582853,16.021695015434265,2
155,2024-12-03,54.47667567249909,14.953656892414513,10.322715328310782,6516.476161125606,0.0,0.0,99.99125933131472,36.88440907908098,894.6070380376678,16.134040617414172,19.08358561245769,18.99976030828166,16.021350918534694,2
156,2024-12-04,53.249167158660775,14.977609919311758,10.314880602360194,6519.350533150443,0.0,0.0,100.1320145561002,36.83584558832085,894.3815629805065,15.997195802356883,18.9626826320525,19.08049387116146,15.942629582486607,2
157,2024-12-05,54.42411791737305,14.908178416267255,10.34925554330668,6518.093460391081,0.0,0.0,100.13606537742108,36.50357402541092,899.1006382305586,16.008034589218887,19.01232684858776,19.042597250966473,16.022186357562905,2
158,2024-12-06,53.8114539310596,15.02707374148524,10.323595256198727,6521.641062322487,0.0,0.0,100.12418778723818,36.99416319002074,897.3676236130038,15.994222218471037,19.001381930381907,18.912984670656854,16.136628023884015,2
159,2024-12-08,14.77484211863408,9.864582548682181,14.414713632963718,6638.024223963616,0.0,0.0,103.9070911287817,21.75672104360476,1191.5217329268246,15.882878556317777,15.879901897432928,15.92160080160122,15.993553293291333,3
160,2024-12-09,16.225263738406372,15.042725641051144,13.04798466613912,6625.834084887587,0.0,0.0,65.46433685706843,24.35040475633358,990.7589651030642,17.05384354284667,17.508442788584983,18.51305158932662,16.918625349035928,3
161,2024-12-10,17.26360756774169,19.99227557632123,11.564121995954192,6609.754941041795,0.0,0.0,28.350167612535003,26.078789267492812,789.7112926894794,18.11963547579707,18.968091054602905,20.982709761998688,17.952550791317986,3
162,2024-12-11,29.495692845434988,25.850217806158312,11.737225208386826,6423.328045867514,0.0,0.0,96.72394931215597,27.731052707887756,779.4744274232555,19.93017782701686,22.03755726456198,26.02953288615736,19.06246548752493,3
163,2024-12-12,26.49178260425787,22.798752458094576,11.056572249211621,6483.5396728486685,0.0,0.0,102.41584945110029,28.09425559756825,887.4623140455338,23.94166179524442,25.106755129861344,29.87677899549686,22.989820246107524,3
164,2024-12-13,30.19371012769171,19.987018084436425,10.90750426090893,6366.997181830552,0.0,0.0,149.09417667985704,41.81802538296678,943.3166983579947,25.957291375468827,25.08820954115378,28.95637526565575,25.972069809912014,3
165,2024-12-14,26.27171641253824,22.596331328110743,10.726208685543794,6280.683041200186,0.0,0.0,107.98734248651608,50.184441516506304,933.6496925097888,23.95071466758813,23.01148776271092,27.011089148228656,24.470429426051155,3
166,2024-12-15,22.336299015851427,25.09843338246213,10.57082315196885,6190.964724519557,0.0,0.0,66.86951704669978,58.305823698745435,926.782898873163,22.104800269645352,20.9511317296527,25.131153116304123,22.93328945555229,3
167,2024-12-16,27.020250140080933,23.431806046672154,10.521523685906505,6246.754108081785,0.0,0.0,72.37755678041641,54.534653212344665,921.1289804562962,20.92302249458126,20.68222340970082,23.996053484944593,21.913596425312246,3
168,2024-12-17,32.00824558930002,21.654142302202622,10.451424785928845,6294.249296557402,0.0,0.0,78.02522069906566,50.84165977503036,915.3087953307178,20.017639523560984,20.356933052395796,23.05891292849233,20.596283120201544,3
169,2024-12-18,38.69073989635685,20.097396571755116,10.436476055238847,6357.222024382547,0.0,0.0,83.40398595379985,47.50229303618017,913.2951103024521,18.96397205668281,19.9813811306342,21.98721861588151,19.40896714379172,3
170,2024-12-19,43.552883296582344,18.47752636514509,10.388268649985067,6407.593040300235,0.0,0.0,89.20731614775836,43.99529157063272,906.3702549264476,17.99984671149091,19.71566513583597,20.93951223435524,18.3828935089056,3
171,2024-12-20,48.63674654246999,16.77628716821318,10.339849965302104,6464.613008206736,0.0,0.0,94.17603528114326,40.63183225954925,903.5157793923448,17.101576877613358,19.339504088866722,20.003514910194497,17.18256374440079,3
172,2024-12-21,54.88626334947669,14.917295906824835,10.347185742592801,6518.914316005285,0.0,0.0,99.48048579446662,36.864379325680694,896.9013983644604,15.891011450656256,18.960908478319674,19.080123741309997,16.010099901476057,3
173,2024-12-22,54.170803087373486,14.887436753457873,10.326780232447218,6515.524410721721,0.0,0.0,99.96669835503893,37.0576540034535,898.1169131482995,16.069990707925147,18.998653125642193,18.978486657926553,16.012959971064152,3
174,2024-12-23,54.37444363589447,15.062526335627485,10.323261728388157,6516.753289129537,0.0,0.0,100.17652481210186,37.13012840348554,899.5815224600851,16.019187666251096,19.014056418813574,19.109377589476892,16.134493874130715,3
175,2024-12-24,53.95506660767719,14.98291864643706,10.34616896611203,6519.300879160789,0.0,0.0,99.23932995108056,36.82783235366306,895.1754539956038,15.993703621178742,19.0130444015756,19.035419013918553,16.046671183556395,3
176,2024-12-25,53.37729629367599,14.9810062813007,10.325199746705938,6513.680633008182,0.0,0.0,100.1678833122519,37.13295078549821,899.236600621966,15.858036327809579,19.067184439945255,18.868679293060822,16.05716215824958,3
177,2024-12-26,53.976371057978334,14.98100574741524,10.367126839387792,6518.286223164592,0.0,0.0,99.78691202426047,36.98304501943489,897.3003750575255,16.013647801326155,19.039037289056274,18.938545308387823,16.015520881078857,3
178,2024-12-27,54.54790530741539,15.016194212455956,10.315350496474716,6518.231055006717,0.0,0.0,99.74521792216332,36.94347964843897,895.7349207664514,16.04083844362906,19.06783216568522,18.89825514736835,15.953619245591991,3
179,2024-12-28,53.90304105458795,14.917084074843038,10.336326633158189,6513.988078717179,0.0,0.0,99.5916347914852,36.746838232141656,898.4266854380661,16.08458327191381,18.976945371681122,19.12185970528648,16.035609003134173,3
180,2024-12-29,54.20220994587697,14.96059400637048,10.343798761127099,6514.5751642107525,0.0,0.0,100.48620377939058,36.94405609468983,898.5691700974944,16.097948370431197,18.982075194259586,19.046802263265885,15.998971131270425,3
181,2024-12-30,54.34464635078534,15.127160339046078,10.34357758542552,6515.510870651143,0.0,0.0,100.14737507402774,36.92434680986581,896.1593764708362,16.01695506310374,18.932048629772662,19.127157913258102,15.91887743172809,3
182,2024-12-31,53.9577669274596,14.966750073232204,10.356567425306935,6518.945366401861,0.0,0.0,100.4440748663911,37.22681740340613,898.4425456961188,16.07918001134001,18.90971114800073,19.142315934887343,15.97852472225582,3
183,2025-01-01,54.212341254732955,15.038754576627309,10.325823378103479,6517.891671991163,0.0,0.0,99.40821930172314,37.05742906526214,895.6080686950224,15.983918537365394,18.92756021462502,18.98850893349344,15.909333947413014,3
184,2025-01-02,53.55112580264277,14.93706496242357,10.32263098083449,6520.270078206739,0.0,0.0,99.67454400526053,37.20068531981896,895.104213046702,15.99202935861969,18.97661754569068,18.946951386734074,15.954709825778922,3
185,2025-01-03,53.90440123469418,14.900140841354158,10.331749096455914,6514.75370344549,0.0,0.0,100.59192405214397,37.04628950617691,895.6250858484793,16.076869177067845,18.93642780518983,18.949447259429977,16.01015340742029,3
186,2025-01-04,53.874142808844184,15.006818472953846,10.302349984653533,6515.8902949579215,0.0,0.0,99.64398010919227,36.73191206781112,897.235471850602,16.037458873621286,18.947299092336298,19.021772919417188,16.07671618270791,3
187,2025-01-05,54.186536279911614,14.890335187339733,10.336403218286147,6514.787668006063,0.0,0.0,100.47766624277159,37.090224068258216,896.8063046224382,15.971063031646167,18.988069159877476,19.069229614908988,16.11601932394219,3
188,2025-01-06,54.17854990121857,14.959606929388485,10.272857754325674,6520.523994179909,0.0,0.0,99.94976014708412,37.016195560799815,897.4639690177197,16.005360273253366,19.02643301377529,19.061703221184338,16.072056375163818,3
189,2025-01-07,54.18369191602033,15.045269464225804,10.351323685163226,6515.51741617428,0.0,0.0,99.84379104084402,36.85338586322653,897.4571766497766,15.978955380187656,19.002517396272435,19.064026744604927,15.981985938538111,3
190,2025-01-08,54.115680750626375,15.015960469645814,10.361460311671555,6518.751065653583,0.0,0.0,99.5825296504143,37.256300868238384,895.1761193903185,16.05187648283659,19.008753195939033,19.12910059090593,15.97747477028813,3
191,2025-01-09,54.398336649576535,14.981919414860613,10.372970430425935,6517.248255272718,0.0,0.0,99.95949402300525,36.93868259077447,897.358349839177,15.92933242894385,19.024114098667958,19.051046440681073,15.95247397866058,3
192,2025-01-10,54.307254005956906,14.863978970326285,10.384085447118238,6521.455262099794,0.0,0.0,100.08800833099434,36.871484782828865,898.306882208853,16.00909795005642,18.98219462257254,18.97913978876037,16.020387220934765,3
193,2025-01-11,54.20702485241361,14.879540562180551,10.333880752136412,6520.789664020574,0.0,0.0,100.28934429190257,37.0435720787507,895.8730220636651,16.071760323614836,19.01279794778723,19.09926920091438,16.09362953088535,3
194,2025-01-12,53.47823945683528,14.974101000274999,10.347648571823177,6519.340770115032,0.0,0.0,100.01621775318691,36.91380341926816,897.9993749274618,15.987059479502426,19.04208881327099,19.21790398296737,16.071635597558362,3
195,2025-01-13,54.172275762884,14.947209416453104,10.356439777157998,6520.734769356199,0.0,0.0,99.66616307302891,36.8616125078793,898.4156620126375,16.076598991826145,18.981521095888912,18.914786386898875,16.024249333660006,3
196,2025-01-14,54.084577589827425,14.958563480329005,10.336926704821856,6517.007442002719,0.0,0.0,100.18203225791926,36.91094332253356,894.0499903929488,16.10381873004569,19.02825194677992,19.107617259118587,15.987217930336746,3
197,2025-01-15,54.09893229655891,14.931668917192498,10.378226473295728,6520.247670496822,0.0,0.0,99.54603816584832,36.986825890516705,897.0285048093898,15.964531719053289,18.988657287687904,19.021630800596135,16.04170643598106,3
198,2025-01-16,54.025709310983096,14.906291682899207,10.332536557985959,6517.250707050921,0.0,0.0,100.11993885125331,37.107152604304005,896.4925356058762,16.086262987207313,18.976133997778792,18.87599609680075,16.0611394056437,3
199,2025-01-17,53.72190100585256,15.013040228237077,10.315190129604614,6515.394750600535,0.0,0.0,100.14474765022146,36.96001043878707,900.3152931739985,15.949633465618307,18.968751138910445,18.992083930966274,15.920830655711974,3
200,2025-01-18,53.68310658158013,14.916385009970531,10.30614847245388,6511.986223492853,0.0,0.0,100.2313513206765,37.20655808800181,897.6524943126062,15.897115400124164,18.99167010413751,19.070556250361207,15.997336271727704,3
201,2025-01-19,54.58364869362138,14.943192761643887,10.34330138564306,6516.713132308819,0.0,0.0,100.38564329885598,37.13081417728789,898.2810629108659,15.948514684020543,19.057148044645377,19.030868153886313,15.973521113791463,3
202,2025-01-20,53.972454884949286,15.027813495491985,10.338476821047681,6519.302093655486,0.0,0.0,100.24946367593597,37.15706067713388,894.9798974182137,15.948821041601292,19.029702028571737,18.988875318367747,15.971644133936035,3
203,2025-01-21,54.04423765637888,14.881817699946048,10.34226148374985,6516.758010616961,0.0,0.0,100.45958236354707,37.243081378702044,895.5571493938753,15.988400698037506,19.053741172594705,19.021186255438085,16.091788294977725,3
204,2025-01-22,54.091804991108205,14.866698777967061,10.347953332729295,6513.99682318533,0.0,0.0,99.45128812544255,37.09302433295507,897.8769646712879,15.930571444022478,18.956716572139634,18.91026483555552,15.943219306164998,3
205,2025-01-23,54.3650418247494,14.988814462487387,10.337039951025007,6518.47634928105,0.0,0.0,99.77305615703796,36.966160707498126,895.001201996867,16.091826494446487,18.908505422672963,18.984153067889892,16.108553312332806,3
206,2025-01-24,54.28916594112867,15.168085061134008,10.385322792774856,6516.461362202577,0.0,0.0,100.67245592081713,37.005306569947685,893.4505018630126,16.00027492975908,19.084689789700526,19.029931890374083,15.958806744791984,3
207,2025-01-25,53.40914619622285,15.01382586413498,10.337728548673121,6516.916784971634,0.0,0.0,99.70347863447581,36.85531344365194,896.3561459115205,16.017589159184308,18.973851062569278,19.109592205602173,15.963677513032652,3
208,2025-01-26,53.78973066130281,14.989712259524012,10.349886680630721,6519.647965576624,0.0,0.0,99.09389444118555,37.17746067120265,896.8510225312976,16.050306428470275,19.00383269744894,19.134515816501377,16.064075401668543,3
209,2025-01-27,53.9590958909085,15.001265921817584,10.346763758948907,6520.795647254652,0.0,0.0,100.61584814869236,37.38795655484126,894.873668169239,16.06078280898041,18.993029906969227,19.119799490256195,15.95175193495436,3
210,2025-01-28,54.20501783728882,14.988885902217095,10.364569544413824,6514.6081979071805,0.0,0.0,99.48397732818285,37.14670950493201,896.7253676400015,15.984721011528375,18.926366972743743,18.924179812912666,15.911795858353706,3
211,2025-01-29,53.506349551056346,15.032449621100843,10.319355931383269,6518.449544338295,0.0,0.0,99.77080648052427,36.883755709528764,896.7104425887857,15.998176755045971,18.946817759756456,18.968517600492287,16.170132273474696,3
212,2025-01-31,15.18019324417025,10.030987672976577,14.446105247382462,6642.011756560566,0.0,0.0,104.11570514931356,22.2090751228517,1191.1401091691598,16.053580921936458,15.997367869549414,16.064222321346783,16.07291459553822,4
213,2025-02-01,16.044837285451884,14.842261088562196,13.045362869829509,6620.184698536488,0.0,0.0,65.10372503714343,23.865775264372136,987.2830752781373,16.93179032417272,17.52965135554271,18.419610912656115,17.128115392008134,4
214,2025-02-02,18.39524375329091,20.050273764825114,11.640285999089103,6609.865277936256,0.0,0.0,28.416822506142054,25.955727188889664,789.3750190554978,17.99270759183667,19.016402658554362,21.001838299771812,17.910498725617643,4
215,2025-02-03,29.148234199203408,26.070872744805477,11.706825317711361,6424.829553210819,0.0,0.0,96.23964545905629,27.71996160170293,775.1118896467386,19.965561674172115,22.008013610834006,25.855713465603067,19.01501517831509,4
216,2025-02-04,25.903776481775235,22.96521365295047,11.095137089741998,6479.965573490501,0.0,0.0,101.88358330479575,28.11551426363188,885.780938033886,24.04462147662025,24.95902639893031,29.929784278359968,23.049685749944153,4
217,2025-02-05,30.151241345035167,20.223009685806293,10.893606314021964,6370.333529339222,0.0,0.0,148.02751457896358,42.11717847318323,942.6203950944114,26.018045625023596,25.010959980630837,29.01143825836706,25.87930546685107,4
218,2025-02-06,26.561511263189786,22.500417854072882,10.748830215467487,6281.8621708682,0.0,0.0,107.82882822622682,49.7299133197356,934.6511594140597,23.992286257736488,22.91721633241464,26.985008310645544,24.511487926154842,4
219,2025-02-07,21.5230351170898,25.14382741343629,10.566618290519383,6189.4489525969575,0.0,0.0,67.35474805063303,58.212060018126465,925.6667005388539,21.922976258341002,20.914822921855546,25.114504500564603,23.04922325606996,4
220,2025-02-08,27.658989433619,23.225618735502724,10.529413693305784,6248.425268260888,0.0,0.0,72.10567734917225,54.69644162221553,920.1732383333404,21.150865452479934,20.60074004707191,23.981077778474976,21.790191598239467,4
221,2025-02-09,32.66704975302586,21.628247590644662,10.483611186241035,6298.9268921550365,0.0,0.0,78.80808868119652,50.897812046679505,919.9111404198327,19.978310772360388,20.314214682305543,22.920749235732515,20.667381416099364,4
222,2025-02-10,38.10749077109238,20.09482302876152,10.45369201279314,6357.093983704997,0.0,0.0,83.89431262048561,47.826678020929826,916.0743981040451,19.026916195431966,20.03426928557044,21.992215764806996,19.548215377029834,4
223,2025-02-11,43.79217408122791,18.238710775230487,10.39726815098896,6408.892938714158,0.0,0.0,88.77437280491807,43.84488654253392,909.2601749858784,17.9814645230362,19.672302690262942,21.1596176179294,18.44009320586248,4
224,2025-02-12,48.57027180630946,16.625827314074755,10.394712839781706,6463.111999818564,0.0,0.0,94.26199012175977,40.09994452166593,902.5932756053647,17.050157450468983,19.3402004974471,19.945059482193436,17.27812326597408,4
225,2025-02-13,53.92005825598189,15.08515192286115,10.336691607283852,6518.976174396693,0.0,0.0,100.29960313887555,37.3410335794822,897.6278495478508,15.924440698143432,18.953462249137196,19.046337656620327,16.096848800049017,4
226,2025-02-14,53.40889388079617,15.04623180169374,10.339133328487595,6514.112032088016,0.0,0.0,100.5691889845488,36.989631751446716,897.87469767255,15.965933852486263,18.96064848339465,18.8788058061639,16.101718257372486,4
227,2025-02-15,53.56202202871858,15.052613906302206,10.339068159963103,6519.513098267679,0.0,0.0,99.49061962436453,37.063929013343405,895.7083007742182,16.008103878319723,18.980671126058102,18.958367175781262,16.12882019146261,4
228,2025-02-16,53.59217493018551,15.11126154670788,10.39675146864706,6520.0955648148065,0.0,0.0,100.30340556343097,36.67646033808588,895.7182772213824,15.970898301872683,18.998022812128063,18.886360625438716,16.037274295303256,4
229,2025-02-17,53.93362840537817,15.111997405274801,10.347158411310515,6516.583161983214,0.0,0.0,100.02806503203021,37.21577370629699,898.128151874167,16.119314755630157,18.946149414794537,19.039450851559963,16.11893157168937,4
230,2025-02-18,53.032662095180164,15.082780906422823,10.32983353253884,6516.649169375865,0.0,0.0,100.08424983637865,36.97120893206211,897.3154121886157,16.021484519814855,19.03204638252489,19.045844240407416,16.086403842508062,4
231,2025-02-19,53.607393789140815,14.857234055226803,10.327978420007945,6514.4636013929885,0.0,0.0,100.1218118207763,37.34988707562682,896.1641826178469,15.966272210153063,18.96216227691831,19.00774383988905,16.03495793707493,4
232,2025-02-20,53.749786187737,15.127148667283278,10.340220612685995,6517.96679000107,0.0,0.0,99.82227082081413,37.28988134220401,896.128779473224,16.044189568579363,18.93884024534846,19.119392114045244,15.950549641971287,4
233,2025-02-21,53.814939198980404,15.088044012545144,10.332449108332273,6519.591786099772,0.0,0.0,99.79241578246246,37.315588426504405,897.7657677616667,15.920741124698253,19.017222456385472,18.938675870935224,15.93792542845315,4
234,2025-02-22,54.71667895118908,15.013527412376924,10.328217338728203,6513.22829722664,0.0,0.0,100.16463260880346,36.817545483841975,896.5066747240178,15.951982054147265,19.011407909507593,18.97427298664305,16.013093998686333,4
235,2025-02-23,54.12400123099969,14.888309878147396,10.389285430062989,6514.349991320602,0.0,0.0,100.04750889918988,37.20498423798611,897.1992591650917,15.99141009565081,18.993165101882663,18.910691292069032,15.907839223041325,4
236,2025-02-24,54.07904514868732,15.167643352771016,10.329831389501129,6515.846266942821,0.0,0.0,100.27724860268403,37.121291141713435,897.0561439348753,16.060033547773312,18.973176408187058,19.024344996749143,16.044459068681757,4
237,2025-02-25,54.382075076237356,14.962308895351699,10.32947500868656,6515.009658174086,0.0,0.0,99.57306252212096,36.98319989593089,897.3025598543262,15.98289731916746,18.947276554287892,18.900967635531934,16.0483620279881,4
238,2025-02-26,54.0069183276164,15.048049348590723,10.327780858512593,6518.306412070299,0.0,0.0,100.05973821718567,36.84644372596558,897.3865787783494,15.975073009526803,18.995482210306488,18.96278065275906,16.064945514281494,4
239,2025-02-27,54.0184084655561,14.981659034888128,10.344893370872471,6520.225554394194,0.0,0.0,99.43683373571822,36.96290438246284,894.6627905235833,15.954155495714025,19.03391015573306,18.837384933481076,15.922865207082191,4
240,2025-02-28,52.99663952532477,14.889387888146809,10.378139086873698,6515.639803251865,0.0,0.0,100.29564737700524,36.944767191162946,898.2329153427854,16.0297260661332,18.96686159831762,19.013973763775954,16.057820378401967,4
241,2025-03-01,53.853062813793485,14.975998147903539,10.307463505950532,6517.483370904655,0.0,0.0,99.68266996058138,36.991394616818994,898.7384034107815,16.02483038199833,18.957691829787596,18.98083637303351,15.881099552573342,4
242,2025-03-02,54.10999724832436,14.995145441987647,10.3504368223747,6515.497259696435,0.0,0.0,99.41269476724767,36.98562863628822,894.3512023135821,15.921394462135835,18.99431568795903,19.067785568973438,16.040080762975677,4
243,2025-03-03,53.81298429766108,15.009488341601484,10.349564971730029,6517.894960886714,0.0,0.0,99.49670035963449,36.86042040325496,897.7610450947827,16.12789799037064,19.001416653696054,19.084011103109287,15.974116905617569,4
244,2025-03-04,53.32315633514447,15.106562934448172,10.346908742760654,6515.829303316773,0.0,0.0,99.53818577428048,37.09150961070401,896.7283747651991,16.093785972782804,19.024925692618446,19.08893555963555,16.10042874409959,4
245,2025-03-05,54.32818905095413,15.08522322783674,10.345792629923974,6512.920184586914,0.0,0.0,100.0321418461511,37.2954375425736,896.8493090655719,15.941670999310906,19.03008168744691,18.961900677162415,16.03638159442102,4
246,2025-03-06,53.22078719233983,15.021254427717459,10.352572087944623,6516.489620418378,0.0,0.0,100.50217021089394,36.795535793355064,897.8608843558409,15.982442223526608,18.982846777807655,19.034048661725553,15.881147430292847,4
247,2025-03-07,54.361334532759976,15.143080402523918,10.326781645710845,6517.172027217418,0.0,0.0,100.13251152788781,36.800062902974204,897.0418205193561,16.034452053925808,19.00248752260112,18.93356586191109,15.986333027899434,4
248,2025-03-08,53.41703824935546,15.129920378419417,10.385921316478537,6519.050994647959,0.0,0.0,100.11679017098089,37.01036634369166,897.6120956969812,16.075502762066684,19.02864295278114,18.912137774540625,16.04141575131595,4
249,2025-03-09,53.63579912998404,15.105475464095656,10.360950740533625,6514.023171415167,0.0,0.0,100.47133799333393,37.402990235631435,893.7564203466599,16.046471332043886,19.022563993022526,19.037476667537973,15.969939192001402,4
250,2025-03-10,53.93728352083461,15.070413498437702,10.382131238095091,6519.848857347682,0.0,0.0,99.77076848386108,37.326041008197635,897.4409731697777,16.03295844262507,18.974260157984123,19.093474440171498,15.919686030445154,4
251,2025-03-11,54.52002809541492,15.117324572968469,10.360225096459663,6518.188896323837,0.0,0.0,99.45967592107576,36.992273785705066,897.5791487295244,15.944477584893852,18.997235671101038,18.938207816176707,15.987600373622747,4
252,2025-03-12,53.84514942300939,14.998921369877015,10.354404528464427,6513.403001351354,0.0,0.0,100.1490640259422,36.84407930940355,896.399127276531,16.01626805477632,18.987684615187927,19.05029453700925,16.02816847781606,4
253,2025-03-13,53.69369500188848,15.109443283296505,10.321340818032377,6515.229391994552,0.0,0.0,100.01796333512085,36.97207759907009,898.7033727352145,15.966540127516126,18.93893746770058,19.03357313678524,15.960918261116987,4
254,2025-03-14,54.76844861420424,14.956184151188367,10.3499132187777,6519.607302544412,0.0,0.0,100.9027338226524,37.25273311145103,899.9537349878506,15.980920281506426,19.062960151162233,18.981232435397118,15.971538731213881,4
255,2025-03-15,54.20284678487641,15.157927237226653,10.346640250649495,6518.472072170593,0.0,0.0,100.54042134486212,36.77911890369423,897.7144665742559,15.981601229541653,19.054331189205314,18.846724798413593,15.929810435361482,4
256,2025-03-16,53.703638709865025,15.09802317159682,10.310595189476732,6512.4290053330315,0.0,0.0,100.09023088887547,36.880340107017986,899.1795222151048,16.02048237639388,18.96925522046366,19.086672291889148,16.000009378535864,4
257,2025-03-17,54.46339047404904,14.917352276110176,10.354567252291309,6518.635038115553,0.0,0.0,100.1582712360698,36.87822167102614,896.7530901483086,15.993339872329592,19.043360386106983,18.979887189093443,15.957635695398679,4
258,2025-03-18,53.68150120360431,14.97817330783196,10.308421398728928,6518.033307900956,0.0,0.0,99.5797487691399,37.05703982355346,898.695722039669,16.06699779309255,18.976007419246447,18.927956632082672,15.998667805987834,4
259,2025-03-19,54.12587179197939,14.96817955593478,10.364992889690878,6519.62890543116,0.0,0.0,99.97788968195525,37.18421697201694,898.4180626671232,15.98398270244117,19.020542831521396,19.029164938244687,15.979661110646603,4
260,2025-03-20,54.15520899547381,14.999345009801566,10.340166023521233,6518.141566000644,0.0,0.0,99.86950426237067,36.686861811670504,896.4703380574653,16.031502435807493,18.969554431401342,19.072895065580887,15.96060572786288,4
261,2025-03-21,53.74690949447489,15.068129185690989,10.33865537972065,6518.430537522851,0.0,0.0,100.28255979178151,36.459330956256615,897.2828943594785,15.90890059765461,18.99781881426369,19.069433717654398,16.049374387272973,4
262,2025-03-22,54.85213163932785,14.980849215348798,10.325793227483446,6515.4409171283705,0.0,0.0,100.02678058958627,37.00290498845499,896.9799822247586,15.966759409168255,19.05077811677744,19.156258778729416,15.959776860132704,4
263,2025-03-23,53.19088163720211,14.826527163887745,10.259607766772623,6517.9250328732605,0.0,0.0,99.34170728062803,36.96026706492126,896.3284964438229,16.024635703677028,18.996624876724095,18.828006563445985,15.85786291164352,4
264,2025-03-24,53.86482962456883,14.917087989197332,10.337319338219462,6517.1885846418145,0.0,0.0,100.17366117848155,36.996750292097104,896.3617030675122,16.09731007912116,18.958416957137207,19.11549939652062,16.029465001303873,4
