,Mixed Material,,,,,,,Process Data,,,,,,Seed Experiment,,,,Prediction
Reference,Mixture_main,Mixture_secondary,pH_m,"EC_m
(ms/cm)","MC_m
(%)",C/N_m,Additive,"Duration_time
(day)","T_ambient
(℃)","T_p
(℃)",pH_p,"EC_p
(ms/cm)","Aeration
( L/kg(dry mass)·min)",Seed,weight/volume,"Grow_time
(day)","Grow_T
(℃）","GI_p
(%)"
S1,Food Waste,Garden waste,4.8,2.4,71.4,17.3,0,0.972222,30.1381,51.0514,4.89552,2.41194,0.4,Radish,0.1,3,20,0.597015
S1,Food Waste,Garden waste,4.8,2.4,71.4,17.3,0,2.97743,34.2677,48.7164,5.40299,2.90149,0.4,Radish,0.1,3,20,6.56716
S1,Food Waste,Garden waste,4.8,2.4,71.4,17.3,0,6.97917,32.7829,69.864,7.64179,2.91343,0.4,Radish,0.1,3,20,34.6269
S1,Food Waste,Garden waste,4.8,2.4,71.4,17.3,0,14.0017,29.6786,62.806,7.91045,2.69851,0.4,Radish,0.1,3,20,63.2836
S1,Food Waste,Garden waste,4.8,2.4,71.4,17.3,0,20.9549,29.2101,55.8806,8.26866,2.23284,0.4,Radish,0.1,3,20,73.4328
S1,Food Waste,Garden waste,4.8,2.4,71.4,17.3,0,27.9688,28.1026,36.5638,7.97015,2.23284,0.4,Radish,0.1,3,20,93.7313
S1,Food Waste,Garden waste,4.8,2.4,71.4,17.3,0,35.0087,29.0715,33.592,8,2.35224,0.4,Radish,0.1,3,20,99.1045
S1,Food Waste,Garden waste,4.98,2.3025,66.3825,21.515,0,1.01563,30.1381,52.2985,4.77612,2.31642,0.4,Radish,0.1,3,20,1.19403
S1,Food Waste,Garden waste,4.98,2.3025,66.3825,21.515,0,2.96875,34.2677,70.9254,5.04478,2.88955,0.4,Radish,0.1,3,20,1.79104
S1,Food Waste,Garden waste,4.98,2.3025,66.3825,21.515,0,7.03125,32.7829,67.3433,7.01493,2.43582,0.4,Radish,0.1,3,20,31.6418
S1,Food Waste,Garden waste,4.98,2.3025,66.3825,21.515,0,13.9063,29.6786,49.9104,7.52239,2.31642,0.4,Radish,0.1,3,20,68.6567
S1,Food Waste,Garden waste,4.98,2.3025,66.3825,21.515,0,21.0156,29.2101,33.4328,7.58209,2.2209,0.4,Radish,0.1,3,20,89.5522
S1,Food Waste,Garden waste,4.98,2.3025,66.3825,21.515,0,28.125,28.1026,31.2836,7.79104,2.20896,0.4,Radish,0.1,3,20,102.09
S1,Food Waste,Garden waste,4.98,2.3025,66.3825,21.515,0,34.8438,29.0715,27.9403,7.79104,1.6597,0.4,Radish,0.1,3,20,120
S1,Food Waste,Garden waste,5.16,2.205,61.365,25.73,0,1.09375,30.1381,51.8209,4.56716,1.87463,0.4,Radish,0.1,3,20,0.597015
S1,Food Waste,Garden waste,5.16,2.205,61.365,25.73,0,2.96875,34.2677,76.8955,5.16418,1.95821,0.4,Radish,0.1,3,20,27.4627
S1,Food Waste,Garden waste,5.16,2.205,61.365,25.73,0,7.03125,32.7829,55.6418,7.37313,2.16119,0.4,Radish,0.1,3,20,97.3134
S1,Food Waste,Garden waste,5.16,2.205,61.365,25.73,0,13.9844,29.6786,34.6269,7.43284,1.94627,0.4,Radish,0.1,3,20,93.1343
S1,Food Waste,Garden waste,5.16,2.205,61.365,25.73,0,21.0156,29.2101,34.8657,7.34328,1.81493,0.4,Radish,0.1,3,20,108.06
S1,Food Waste,Garden waste,5.16,2.205,61.365,25.73,0,27.8906,28.1026,30.806,7.61194,1.49254,0.4,Radish,0.1,3,20,143.284
S1,Food Waste,Garden waste,5.16,2.205,61.365,25.73,0,35.2344,29.0715,27.7015,7.67164,1.6597,0.4,Radish,0.1,3,20,171.94
S1,Food Waste,Garden waste,5.34,2.1075,56.3475,29.945,0,0.9375,30.1381,51.8209,4.56716,1.83881,0.4,Radish,0.1,3,20,2.98507
S1,Food Waste,Garden waste,5.34,2.1075,56.3475,29.945,0,2.96875,34.2677,75.2239,6.08955,1.91045,0.4,Radish,0.1,3,20,23.2836
S1,Food Waste,Garden waste,5.34,2.1075,56.3475,29.945,0,7.03125,32.7829,61.6119,7.04478,1.4806,0.4,Radish,0.1,3,20,76.4179
S1,Food Waste,Garden waste,5.34,2.1075,56.3475,29.945,0,13.9844,29.6786,42.2687,6.92537,1.37313,0.4,Radish,0.1,3,20,100.299
S1,Food Waste,Garden waste,5.34,2.1075,56.3475,29.945,0,21.0156,29.2101,37.7313,7.37313,1.44478,0.4,Radish,0.1,3,20,114.627
S1,Food Waste,Garden waste,5.34,2.1075,56.3475,29.945,0,28.0469,28.1026,31.2836,7.52239,1.51642,0.4,Radish,0.1,3,20,128.955
S1,Food Waste,Garden waste,5.34,2.1075,56.3475,29.945,0,35,29.0715,27.9403,7.46269,1.4209,0.4,Radish,0.1,3,20,140.896
S2,Food Waste,Garden waste,5.16,2.205,61.365,25.73,0,0.795455,30.0136,52.5153,4.53988,1.88475,0.4,Radish,0.1,3,25,0
S2,Food Waste,Garden waste,5.16,2.205,61.365,25.73,0,2.94318,34.2701,76.319,5.21472,1.9661,0.4,Radish,0.1,3,25,27.1186
S2,Food Waste,Garden waste,5.16,2.205,61.365,25.73,0,6.92045,32.3602,55.7055,7.42331,2.16949,0.4,Radish,0.1,3,25,76.6102
S2,Food Waste,Garden waste,5.16,2.205,61.365,25.73,0,14.0795,29.7135,35.092,7.42331,1.93898,0.4,Radish,0.1,3,25,93.5593
S2,Food Waste,Garden waste,5.16,2.205,61.365,25.73,0,20.9205,29.1132,34.6012,7.48466,1.80339,0.4,Radish,0.1,3,25,106.441
S2,Food Waste,Garden waste,5.16,2.205,61.365,25.73,0,27.9205,28.322,30.184,7.66871,1.50508,0.4,Radish,0.1,3,25,141.695
S2,Food Waste,Garden waste,5.16,2.205,61.365,25.73,0,34.8409,28.9495,27.7301,7.60736,1.61356,0.4,Radish,0.1,3,25,161.356
S2,Food Waste,Cornstalks,5.085,2.415,61.8,20.15,0,0.954545,30.0136,50.0613,4.53988,2.08814,0.4,Radish,0.1,3,25,0.677966
S2,Food Waste,Cornstalks,5.085,2.415,61.8,20.15,0,2.94318,34.2701,56.9325,4.96933,2.31864,0.4,Radish,0.1,3,25,13.5593
S2,Food Waste,Cornstalks,5.085,2.415,61.8,20.15,0,7,32.3602,70.6748,7.36196,2.53559,0.4,Radish,0.1,3,25,71.8644
S2,Food Waste,Cornstalks,5.085,2.415,61.8,20.15,0,13.9205,29.7135,33.3742,7.14724,2.14237,0.4,Radish,0.1,3,25,89.4915
S2,Food Waste,Cornstalks,5.085,2.415,61.8,20.15,0,21,29.1132,31.9018,7.26994,1.93898,0.4,Radish,0.1,3,25,98.9831
S2,Food Waste,Cornstalks,5.085,2.415,61.8,20.15,0,27.9205,28.322,29.6933,7.51534,1.95254,0.4,Radish,0.1,3,25,120.678
S2,Food Waste,Cornstalks,5.085,2.415,61.8,20.15,0,35,28.9495,27.2393,7.20859,1.84407,0.4,Radish,0.1,3,25,138.305
S2,Food Waste,mushroom,5.175,2.34,62.1,22.67,0,0.954545,30.0136,53.0061,4.69325,2.44068,0.4,Radish,0.1,3,25,0.677966
S2,Food Waste,mushroom,5.175,2.34,62.1,22.67,0,3.02273,34.2701,76.0736,6.34969,2.49492,0.4,Radish,0.1,3,25,46.1017
S2,Food Waste,mushroom,5.175,2.34,62.1,22.67,0,6.84091,32.3602,65.2761,7.26994,2.41356,0.4,Radish,0.1,3,25,82.7119
S2,Food Waste,mushroom,5.175,2.34,62.1,22.67,0,14,29.7135,36.8098,7.66871,1.83051,0.4,Radish,0.1,3,25,106.441
S2,Food Waste,mushroom,5.175,2.34,62.1,22.67,0,21,29.1132,36.319,8.06748,1.88475,0.4,Radish,0.1,3,25,113.22
S2,Food Waste,mushroom,5.175,2.34,62.1,22.67,0,27.9205,28.322,30.9202,8.19018,1.76271,0.4,Radish,0.1,3,25,125.424
S2,Food Waste,mushroom,5.175,2.34,62.1,22.67,0,34.9205,28.9495,27.4847,8.06748,1.72203,0.4,Radish,0.1,3,25,146.441
S3,Food Waste,Garden waste,5.16,2.205,61.365,25.73,0,0.0810185,30.1632,30.25,4.48598,2.1,0.4,Radish,0.1,3,20,1.5625
S3,Food Waste,Garden waste,5.16,2.205,61.365,25.73,0,2.91667,34.3857,76.5,5.57632,1.975,0.4,Radish,0.1,3,20,25
S3,Food Waste,Garden waste,5.16,2.205,61.365,25.73,0,6.96759,32.5052,55.75,7.38318,2.175,0.4,Radish,0.1,3,20,96.875
S3,Food Waste,Garden waste,5.16,2.205,61.365,25.73,0,13.9352,29.6026,35,7.57009,1.9375,0.4,Radish,0.1,3,20,93.75
S3,Food Waste,Garden waste,5.16,2.205,61.365,25.73,0,20.9838,29.0864,35.25,7.41433,1.8125,0.4,Radish,0.1,3,20,107.031
S3,Food Waste,Garden waste,5.16,2.205,61.365,25.73,0,27.9514,28.154,30.75,7.66355,1.5,0.4,Radish,0.1,3,20,142.188
S3,Food Waste,Garden waste,5.16,2.205,61.365,25.73,0,34.919,28.9975,28,7.6947,1.5875,0.4,Radish,0.1,3,20,148.438
S3,Food Waste,Garden waste,5.16,2.205,61.365,25.73,1,0.0810185,30.1632,30.25,4.42368,2.1,0.4,Radish,0.1,3,20,3.125
S3,Food Waste,Garden waste,5.16,2.205,61.365,25.73,1,2.99769,34.3857,69.5,5.57632,2.25,0.4,Radish,0.1,3,20,43.75
S3,Food Waste,Garden waste,5.16,2.205,61.365,25.73,1,6.96759,32.5052,67.75,7.35202,1.9,0.4,Radish,0.1,3,20,72.6563
S3,Food Waste,Garden waste,5.16,2.205,61.365,25.73,1,13.9352,29.6026,34,7.60125,2,0.4,Radish,0.1,3,20,96.0938
S3,Food Waste,Garden waste,5.16,2.205,61.365,25.73,1,20.9028,29.0864,39.5,7.50779,1.875,0.4,Radish,0.1,3,20,135.156
S3,Food Waste,Garden waste,5.16,2.205,61.365,25.73,1,28.0324,28.154,30.5,7.66355,1.9,0.4,Radish,0.1,3,20,157.813
S3,Food Waste,Garden waste,5.16,2.205,61.365,25.73,1,35,28.9975,27.25,7.19626,1.975,0.4,Radish,0.1,3,20,172.656
S3,Food Waste,Garden waste,5.16,2.205,61.365,25.73,1,0.0810185,30.1632,30.25,4.36137,1.8375,0.4,Radish,0.1,3,20,2.34375
S3,Food Waste,Garden waste,5.16,2.205,61.365,25.73,1,2.91667,34.3857,71,4.79751,2,0.4,Radish,0.1,3,20,13.2813
S3,Food Waste,Garden waste,5.16,2.205,61.365,25.73,1,6.88657,32.5052,56,6.69782,1.925,0.4,Radish,0.1,3,20,47.6563
S3,Food Waste,Garden waste,5.16,2.205,61.365,25.73,1,13.9352,29.6026,38.75,7.72586,1.65,0.4,Radish,0.1,3,20,105.469
S3,Food Waste,Garden waste,5.16,2.205,61.365,25.73,1,20.9838,29.0864,34.75,7.60125,1.75,0.4,Radish,0.1,3,20,134.375
S3,Food Waste,Garden waste,5.16,2.205,61.365,25.73,1,27.9514,28.154,39,7.44548,1.6375,0.4,Radish,0.1,3,20,141.406
S3,Food Waste,Garden waste,5.16,2.205,61.365,25.73,1,34.919,28.9975,30.75,7.32087,1.7625,0.4,Radish,0.1,3,20,172.656
S3,Food Waste,Garden waste,5.16,2.205,61.365,25.73,1,0.0810185,30.1632,30.25,4.45483,2.25,0.4,Radish,0.1,3,20,0.78125
S3,Food Waste,Garden waste,5.16,2.205,61.365,25.73,1,2.91667,34.3857,73.75,5.29595,1.975,0.4,Radish,0.1,3,20,14.0625
S3,Food Waste,Garden waste,5.16,2.205,61.365,25.73,1,7.04861,32.5052,54,7.22741,1.4125,0.4,Radish,0.1,3,20,75.7813
S3,Food Waste,Garden waste,5.16,2.205,61.365,25.73,1,14.0162,29.6026,42.75,7.72586,1.5125,0.4,Radish,0.1,3,20,107.813
S3,Food Waste,Garden waste,5.16,2.205,61.365,25.73,1,20.9838,29.0864,45.25,7.53894,1.4125,0.4,Radish,0.1,3,20,145.313
S3,Food Waste,Garden waste,5.16,2.205,61.365,25.73,1,27.8704,28.154,33,7.60125,1.4875,0.4,Radish,0.1,3,20,151.563
S3,Food Waste,Garden waste,5.16,2.205,61.365,25.73,1,34.919,28.9975,28,7.85047,1.475,0.4,Radish,0.1,3,20,207.031
S3,Food Waste,Garden waste,5.16,2.205,61.365,25.73,1,0.162037,30.1632,30.25,4.42368,2.1,0.4,Radish,0.1,3,20,1.5625
S3,Food Waste,Garden waste,5.16,2.205,61.365,25.73,1,2.99769,34.3857,75.5,5.60748,1.6625,0.4,Radish,0.1,3,20,34.375
S3,Food Waste,Garden waste,5.16,2.205,61.365,25.73,1,6.96759,32.5052,64.25,7.25857,1.275,0.4,Radish,0.1,3,20,84.375
S3,Food Waste,Garden waste,5.16,2.205,61.365,25.73,1,14.0162,29.6026,40.5,7.50779,1.375,0.4,Radish,0.1,3,20,125.781
S3,Food Waste,Garden waste,5.16,2.205,61.365,25.73,1,20.9028,29.0864,33,7.41433,1.4375,0.4,Radish,0.1,3,20,131.25
S3,Food Waste,Garden waste,5.16,2.205,61.365,25.73,1,27.8704,28.154,32.5,7.60125,1.6,0.4,Radish,0.1,3,20,159.375
S3,Food Waste,Garden waste,5.16,2.205,61.365,25.73,1,34.838,28.9975,29,7.60125,1.5,0.4,Radish,0.1,3,20,200
S4,Food Waste,sawdust,4.4,1.58,60,22,0,0,15.1126,18.5538,4.40308,1.57538,0.4,cucumber,0.1,2,25,19.6923
S4,Food Waste,sawdust,4.4,1.58,60,22,0,5.94059,15.8129,44.0308,4.36615,1.64923,0.4,cucumber,0.1,2,25,25.2308
S4,Food Waste,sawdust,4.4,1.58,60,22,0,11.9554,14.3018,56.2154,6.32308,1.66154,0.4,cucumber,0.1,2,25,46.1538
S4,Food Waste,sawdust,4.4,1.58,60,22,0,19.9752,13.587,60.6462,7.70769,2.51077,0.4,cucumber,0.1,2,25,52.9231
S4,Food Waste,sawdust,4.4,1.58,60,22,0,24.9505,13.3976,48.1846,8.15077,2.73231,0.4,cucumber,0.1,2,25,63.0769
S4,Food Waste,sawdust,4.4,1.58,60,22,0,30,12.5631,12.7385,8.07692,3.04,0.4,cucumber,0.1,2,25,68.3077
S4,Food Waste,sawdust,4.38,1.45,60,22,1,0,15.1126,18.2769,4.38462,1.45231,0.4,cucumber,0.1,2,25,17.8462
S4,Food Waste,sawdust,4.38,1.45,60,22,1,6.01485,15.8129,44.0308,4.07077,1.53846,0.4,cucumber,0.1,2,25,11.6923
S4,Food Waste,sawdust,4.38,1.45,60,22,1,11.9554,14.3018,65.0769,5.51077,1.63692,0.4,cucumber,0.1,2,25,59.6923
S4,Food Waste,sawdust,4.38,1.45,60,22,1,19.9752,13.587,64.2462,7.50462,2.32615,0.4,cucumber,0.1,2,25,74.7692
S4,Food Waste,sawdust,4.38,1.45,60,22,1,24.9505,13.3976,45.4154,7.94769,3.02769,0.4,cucumber,0.1,2,25,83.6923
S4,Food Waste,sawdust,4.38,1.45,60,22,1,30,12.5631,13.0154,7.94769,3.08923,0.4,cucumber,0.1,2,25,88.6154
S5,Food Waste,Cornstalks,4.56,2.1,57.585,20.5,0,0.876993,28,37.9695,4.0625,2.1625,0.4,pakchoi,0.1,3,20,6.09375
S5,Food Waste,Cornstalks,4.56,2.1,57.585,20.5,0,7.01595,28,48.731,4,1.7875,0.4,pakchoi,0.1,3,20,7.96875
S5,Food Waste,Cornstalks,4.56,2.1,57.585,20.5,0,13.9522,28,53.6041,7.5,1.8,0.4,pakchoi,0.1,3,20,48.2813
S5,Food Waste,Cornstalks,4.56,2.1,57.585,20.5,0,20.9681,28,52.1827,7.125,1.675,0.4,pakchoi,0.1,3,20,73.5938
S5,Food Waste,Cornstalks,4.56,2.1,57.585,20.5,0,28.1435,28,35.1269,8.125,1.7625,0.4,pakchoi,0.1,3,20,91.875
S5,Food Waste,Cornstalks,4.56,2.1,57.585,20.5,0,35.0797,28,29.0355,7.125,1.575,0.4,pakchoi,0.1,3,20,111.094
S5,Food Waste,Cornstalks,4.56,2.3,57.585,22.5,1,0.95672,28,35.1269,4.125,2.3375,0.4,pakchoi,0.1,3,20,4.6875
S5,Food Waste,Cornstalks,4.56,2.3,57.585,22.5,1,7.01595,28,55.8376,4.84375,2.0875,0.4,pakchoi,0.1,3,20,15.9375
S5,Food Waste,Cornstalks,4.56,2.3,57.585,22.5,1,14.0319,28,58.0711,7.1875,2.1,0.4,pakchoi,0.1,3,20,66.0938
S5,Food Waste,Cornstalks,4.56,2.3,57.585,22.5,1,20.8884,28,58.2741,7.96875,2.175,0.4,pakchoi,0.1,3,20,82.9688
S5,Food Waste,Cornstalks,4.56,2.3,57.585,22.5,1,27.9043,28,41.2183,7.90625,1.7625,0.4,pakchoi,0.1,3,20,111.094
S5,Food Waste,Cornstalks,4.56,2.3,57.585,22.5,1,35,28,32.8934,8.21875,1.9125,0.4,pakchoi,0.1,3,20,117.656
S5,Food Waste,Cornstalks,4.84,2.7,57.192,20,1,0.95672,28,34.9239,5,2.7,0.4,pakchoi,0.1,3,20,11.25
S5,Food Waste,Cornstalks,4.84,2.7,57.192,20,1,6.93622,28,53.6041,4.21875,2.375,0.4,pakchoi,0.1,3,20,29.5313
S5,Food Waste,Cornstalks,4.84,2.7,57.192,20,1,14.1116,28,52.5888,7.6875,2.1625,0.4,pakchoi,0.1,3,20,103.125
S5,Food Waste,Cornstalks,4.84,2.7,57.192,20,1,21.0478,28,54.8223,8.09375,2.25,0.4,pakchoi,0.1,3,20,120.938
S5,Food Waste,Cornstalks,4.84,2.7,57.192,20,1,27.9841,28,39.3909,8.09375,1.875,0.4,pakchoi,0.1,3,20,122.344
S5,Food Waste,Cornstalks,4.84,2.7,57.192,20,1,35.0797,28,28.2234,8.40625,2.1375,0.4,pakchoi,0.1,3,20,137.813
S6,Food Waste,sawdust,5.74,3.518,60,26.27,1,0.0986193,18.0142,20.8511,5.74247,3.51786,0.02,Cabbage,0.1,3,25,0
S6,Food Waste,sawdust,5.74,3.518,60,26.27,1,2.07101,19.8582,47.234,4.06061,2.89286,0.02,Cabbage,0.1,3,25,3.22581
S6,Food Waste,sawdust,5.74,3.518,60,26.27,1,7.00197,19.0071,56.4539,4.42511,2.48214,0.02,Cabbage,0.1,3,25,10
S6,Food Waste,sawdust,5.74,3.518,60,26.27,1,14.0039,19.0071,50.7801,7.10358,2.16071,0.02,Cabbage,0.1,3,25,18.0645
S6,Food Waste,sawdust,5.74,3.518,60,26.27,1,21.0059,18.8652,31.0638,7.47104,2.11607,0.02,Cabbage,0.1,3,25,33.2258
S6,Food Waste,sawdust,5.74,3.518,60,26.27,1,28.0079,19.0071,27.234,7.48296,1.76786,0.02,Cabbage,0.1,3,25,53.5484
S6,Food Waste,sawdust,5.74,3.518,60,26.27,1,39.0533,7.94326,12.1986,8.41204,1.65179,0.02,Cabbage,0.1,3,25,66.7742
S6,Food Waste,sawdust,5.74,3.518,60,26.27,1,49.0138,8.08511,11.3475,8.48763,1.60714,0.02,Cabbage,0.1,3,25,87.4194
S6,Food Waste,sawdust,5.84,3.5,60,26.31,1,0.197239,18.0142,20.5674,5.84331,3.5,0.02,Cabbage,0.1,3,25,0
S6,Food Waste,sawdust,5.84,3.5,60,26.31,1,1.97239,19.8582,47.234,4.04753,2.75893,0.02,Cabbage,0.1,3,25,4.83871
S6,Food Waste,sawdust,5.84,3.5,60,26.31,1,7.00197,19.0071,56.4539,5.27303,2.09821,0.02,Cabbage,0.1,3,25,14.1935
S6,Food Waste,sawdust,5.84,3.5,60,26.31,1,14.1026,19.0071,50.922,7.39808,1.95536,0.02,Cabbage,0.1,3,25,27.4194
S6,Food Waste,sawdust,5.84,3.5,60,26.31,1,21.0059,18.8652,31.2057,7.92159,1.78571,0.02,Cabbage,0.1,3,25,35.1613
S6,Food Waste,sawdust,5.84,3.5,60,26.31,1,28.1065,19.0071,27.234,8.20486,1.61607,0.02,Cabbage,0.1,3,25,58.7097
S6,Food Waste,sawdust,5.84,3.5,60,26.31,1,38.9546,7.94326,12.4823,8.14919,1.75893,0.02,Cabbage,0.1,3,25,69.0323
S6,Food Waste,sawdust,5.84,3.5,60,26.31,1,48.8166,8.08511,11.0638,7.99929,1.70536,0.02,Cabbage,0.1,3,25,94.1935
S6,Food Waste,sawdust,5.86,3.518,60,26.31,1,0.0986193,18.0142,21.4184,5.86897,3.51786,0.02,Cabbage,0.1,3,25,0
S6,Food Waste,sawdust,5.86,3.518,60,26.31,1,1.97239,19.8582,45.3901,4.74741,2.84821,0.02,Cabbage,0.1,3,25,3.87097
S6,Food Waste,sawdust,5.86,3.518,60,26.31,1,7.00197,19.0071,53.617,5.07123,2.16071,0.02,Cabbage,0.1,3,25,12.5806
S6,Food Waste,sawdust,5.86,3.518,60,26.31,1,13.9053,19.0071,41.5603,7.26996,2.09821,0.02,Cabbage,0.1,3,25,21.6129
S6,Food Waste,sawdust,5.86,3.518,60,26.31,1,21.0059,18.8652,28.0851,7.57565,1.97321,0.02,Cabbage,0.1,3,25,35.1613
S6,Food Waste,sawdust,5.86,3.518,60,26.31,1,28.1065,19.0071,24.3972,7.67956,1.86607,0.02,Cabbage,0.1,3,25,57.4194
S6,Food Waste,sawdust,5.86,3.518,60,26.31,1,38.9546,7.94326,12.1986,8.37501,1.6875,0.02,Cabbage,0.1,3,25,67.4194
S6,Food Waste,sawdust,5.86,3.518,60,26.31,1,49.0138,8.08511,10.7801,8.42209,1.61607,0.02,Cabbage,0.1,3,25,90
S6,Food Waste,sawdust,5.84,3.51,60,26.27,0,0.0986193,18.0142,20.1418,5.84816,3.50893,0.02,Cabbage,0.1,3,25,0
S6,Food Waste,sawdust,5.84,3.51,60,26.27,0,2.07101,19.8582,39.5745,4.07502,3.09821,0.02,Cabbage,0.1,3,25,2.90323
S6,Food Waste,sawdust,5.84,3.51,60,26.27,0,7.00197,19.0071,52.766,5.67271,2.82143,0.02,Cabbage,0.1,3,25,7.41935
S6,Food Waste,sawdust,5.84,3.51,60,26.27,0,14.0039,19.0071,43.4043,6.08982,2.40179,0.02,Cabbage,0.1,3,25,12.2581
S6,Food Waste,sawdust,5.84,3.51,60,26.27,0,21.2032,18.8652,31.4894,6.83844,2.16964,0.02,Cabbage,0.1,3,25,23.5484
S6,Food Waste,sawdust,5.84,3.51,60,26.27,0,28.1065,19.0071,23.5461,8.53677,1.88393,0.02,Cabbage,0.1,3,25,44.8387
S6,Food Waste,sawdust,5.84,3.51,60,26.27,0,38.9546,7.94326,11.6312,8.91173,1.75893,0.02,Cabbage,0.1,3,25,61.6129
S6,Food Waste,sawdust,5.84,3.51,60,26.27,0,49.0138,8.08511,10.4965,8.65259,1.70536,0.02,Cabbage,0.1,3,25,85.8065
S7,Garden waste,Food Waste,6.25,2.72,67.37,28.84,0,0.128205,29.1857,33.4853,6.25,2.72623,0,Radish,0.5,3,25,69.0303
S7,Garden waste,Food Waste,6.25,2.72,67.37,28.84,0,3.07692,27.6221,59.2834,5.99675,2.73607,0,Radish,0.5,3,25,70.303
S7,Garden waste,Food Waste,6.25,2.72,67.37,28.84,0,6.02564,28.5993,45.2117,6.40584,2.84426,0,Radish,0.5,3,25,72.4242
S7,Garden waste,Food Waste,6.25,2.72,67.37,28.84,0,9.10256,28.5993,42.2801,6.89286,3.05082,0,Radish,0.5,3,25,73.4848
S7,Garden waste,Food Waste,6.25,2.72,67.37,28.84,0,12.0513,28.013,37.3941,7.10714,3.1,0,Radish,0.5,3,25,75.1818
S7,Garden waste,Food Waste,6.25,2.72,67.37,28.84,0,15.1282,28.013,34.2671,7.30195,3.24754,0,Radish,0.5,3,25,77.4091
S7,Garden waste,Food Waste,6.25,2.72,67.37,28.84,0,18.0769,29.1857,31.1401,7.50649,3.3459,0,Radish,0.5,3,25,78.7879
S7,Garden waste,Food Waste,6.25,2.72,67.37,28.84,0,21.1538,28.5993,30.1629,7.44805,3.58197,0,Radish,0.5,3,25,82.1818
S7,Garden waste,Food Waste,6.25,2.72,67.37,28.84,0,24.1026,28.2085,29.5765,7.31169,3.88689,0,Radish,0.5,3,25,83.8788
S7,Garden waste,Food Waste,6.25,2.72,67.37,28.84,0,27.1795,28.2085,29.9674,7.12662,3.99508,0,Radish,0.5,3,25,84.9394
S7,Garden waste,Food Waste,6.25,2.72,67.37,28.84,0,30.1282,28.013,30.1629,7.10714,3.9459,0,Radish,0.5,3,25,85.3636
S7,Garden waste,Food Waste,6.25,2.72,67.37,28.84,0,33.0769,28.4039,29.772,7.07792,3.85738,0,Radish,0.5,3,25,85.5758
S7,Garden waste,Food Waste,6.25,2.72,67.37,28.84,0,36.1538,28.5993,29.9674,7.03896,3.68033,0,Radish,0.5,3,25,86.4242
S7,Garden waste,Food Waste,6.25,2.72,67.37,28.84,0,39.2308,28.2085,29.9674,7.00974,3.63115,0,Radish,0.5,3,25,85.5758
S7,Garden waste,Food Waste,6.25,2.72,67.37,28.84,0,42.0513,27.6221,29.772,6.99026,3.61148,0,Radish,0.5,3,25,86
S7,Garden waste,Food Waste,6.25,2.72,67.37,28.84,0,45.1282,28.4039,29.772,6.97078,3.61148,0,Radish,0.5,3,25,86.6364
S7,Garden waste,Food Waste,6.42,2.74,70.03,28.03,1,0.128205,29.1857,33.4853,6.42532,2.73607,0,Radish,0.5,3,25,68.2879
S7,Garden waste,Food Waste,6.42,2.74,70.03,28.03,1,3.07692,27.6221,61.2378,6.1039,2.87377,0,Radish,0.5,3,25,71.4697
S7,Garden waste,Food Waste,6.42,2.74,70.03,28.03,1,6.02564,28.5993,49.316,6.30844,3.07049,0,Radish,0.5,3,25,74.6515
S7,Garden waste,Food Waste,6.42,2.74,70.03,28.03,1,9.10256,28.5993,42.0847,6.70779,3.42459,0,Radish,0.5,3,25,77.8333
S7,Garden waste,Food Waste,6.42,2.74,70.03,28.03,1,12.0513,28.013,37.5896,7.10714,3.99508,0,Radish,0.5,3,25,80.0606
S7,Garden waste,Food Waste,6.42,2.74,70.03,28.03,1,15.2564,28.013,34.8534,7.39935,4.1918,0,Radish,0.5,3,25,82.1818
S7,Garden waste,Food Waste,6.42,2.74,70.03,28.03,1,18.0769,29.1857,31.7264,7.7987,4.55574,0,Radish,0.5,3,25,84.303
S7,Garden waste,Food Waste,6.42,2.74,70.03,28.03,1,21.0256,28.5993,31.3355,7.6039,4.34918,0,Radish,0.5,3,25,86.5303
S7,Garden waste,Food Waste,6.42,2.74,70.03,28.03,1,23.9744,28.2085,29.9674,7.39935,4.29016,0,Radish,0.5,3,25,88.6515
S7,Garden waste,Food Waste,6.42,2.74,70.03,28.03,1,27.1795,28.2085,29.9674,7.30195,4.26066,0,Radish,0.5,3,25,90.2424
S7,Garden waste,Food Waste,6.42,2.74,70.03,28.03,1,30.1282,28.013,28.5993,7.20455,4.23115,0,Radish,0.5,3,25,91.9394
S7,Garden waste,Food Waste,6.42,2.74,70.03,28.03,1,33.2051,28.4039,28.7948,7.20455,4.20164,0,Radish,0.5,3,25,92.4697
S7,Garden waste,Food Waste,6.42,2.74,70.03,28.03,1,36.1538,28.5993,29.9674,7.21429,4.22131,0,Radish,0.5,3,25,93
S7,Garden waste,Food Waste,6.42,2.74,70.03,28.03,1,39.2308,28.2085,29.772,7.23377,4.17213,0,Radish,0.5,3,25,93.5303
S7,Garden waste,Food Waste,6.42,2.74,70.03,28.03,1,42.1795,27.6221,28.7948,7.25325,4.18197,0,Radish,0.5,3,25,93.7424
S7,Garden waste,Food Waste,6.42,2.74,70.03,28.03,1,45,28.4039,28.9902,7.24351,4.18197,0,Radish,0.5,3,25,94.0606
S7,Garden waste,Food Waste,6.68,2.6,70.3,27.28,1,0.128205,29.1857,33.0945,6.68831,2.6082,0,Radish,0.5,3,25,69.2424
S7,Garden waste,Food Waste,6.68,2.6,70.3,27.28,1,3.20513,27.6221,61.2378,6.30844,2.8541,0,Radish,0.5,3,25,71.4697
S7,Garden waste,Food Waste,6.68,2.6,70.3,27.28,1,6.15385,28.5993,51.2704,6.70779,3.00164,0,Radish,0.5,3,25,73.5909
S7,Garden waste,Food Waste,6.68,2.6,70.3,27.28,1,9.10256,28.5993,47.3616,6.9026,3.24754,0,Radish,0.5,3,25,78.1515
S7,Garden waste,Food Waste,6.68,2.6,70.3,27.28,1,12.0513,28.013,41.4984,7.20455,3.54262,0,Radish,0.5,3,25,79.2121
S7,Garden waste,Food Waste,6.68,2.6,70.3,27.28,1,15.1282,28.013,38.7622,7.50649,3.68033,0,Radish,0.5,3,25,81.5455
S7,Garden waste,Food Waste,6.68,2.6,70.3,27.28,1,18.0769,29.1857,34.4625,7.90584,3.88689,0,Radish,0.5,3,25,83.6667
S7,Garden waste,Food Waste,6.68,2.6,70.3,27.28,1,21.1538,28.5993,31.3355,7.71104,3.98525,0,Radish,0.5,3,25,86.3182
S7,Garden waste,Food Waste,6.68,2.6,70.3,27.28,1,24.1026,28.2085,29.5765,7.49675,4.18197,0,Radish,0.5,3,25,86.6364
S7,Garden waste,Food Waste,6.68,2.6,70.3,27.28,1,27.1795,28.2085,28.4039,7.39935,4.35902,0,Radish,0.5,3,25,87.5909
S7,Garden waste,Food Waste,6.68,2.6,70.3,27.28,1,30.1282,28.013,28.5993,7.30195,4.27049,0,Radish,0.5,3,25,89.1818
S7,Garden waste,Food Waste,6.68,2.6,70.3,27.28,1,33.2051,28.4039,28.2085,7.30195,4.22131,0,Radish,0.5,3,25,90.2424
S7,Garden waste,Food Waste,6.68,2.6,70.3,27.28,1,36.2821,28.5993,28.7948,7.29221,4.18197,0,Radish,0.5,3,25,91.303
S7,Garden waste,Food Waste,6.68,2.6,70.3,27.28,1,39.1026,28.2085,29.3811,7.27273,4.17213,0,Radish,0.5,3,25,90.8788
S7,Garden waste,Food Waste,6.68,2.6,70.3,27.28,1,41.9231,27.6221,29.1857,7.24351,4.1623,0,Radish,0.5,3,25,92.0455
S7,Garden waste,Food Waste,6.68,2.6,70.3,27.28,1,45.1282,28.4039,29.3811,7.24351,4.15246,0,Radish,0.5,3,25,92.5758
S7,Garden waste,Food Waste,6.23,2.92,72.07,26.18,1,0.128205,29.1857,33.2899,6.23052,2.92295,0,Radish,0.5,3,25,70.4091
S7,Garden waste,Food Waste,6.23,2.92,72.07,26.18,1,3.07692,27.6221,65.342,5.89935,2.9623,0,Radish,0.5,3,25,73.5909
S7,Garden waste,Food Waste,6.23,2.92,72.07,26.18,1,6.02564,28.5993,56.1564,6.2013,3.33607,0,Radish,0.5,3,25,75.7121
S7,Garden waste,Food Waste,6.23,2.92,72.07,26.18,1,8.97436,28.5993,49.316,6.9026,3.71967,0,Radish,0.5,3,25,80.0606
S7,Garden waste,Food Waste,6.23,2.92,72.07,26.18,1,12.0513,28.013,43.2573,7.19481,4.18197,0,Radish,0.5,3,25,83.2424
S7,Garden waste,Food Waste,6.23,2.92,72.07,26.18,1,15.1282,28.013,39.1531,7.7987,4.6541,0,Radish,0.5,3,25,85.3636
S7,Garden waste,Food Waste,6.23,2.92,72.07,26.18,1,18.2051,29.1857,36.0261,8.11039,5.12623,0,Radish,0.5,3,25,87.4848
S7,Garden waste,Food Waste,6.23,2.92,72.07,26.18,1,21.1538,28.5993,32.5081,7.80844,4.92951,0,Radish,0.5,3,25,89.6061
S7,Garden waste,Food Waste,6.23,2.92,72.07,26.18,1,24.1026,28.2085,30.3583,7.50649,4.86066,0,Radish,0.5,3,25,91.303
S7,Garden waste,Food Waste,6.23,2.92,72.07,26.18,1,27.1795,28.2085,28.9902,7.39935,4.7918,0,Radish,0.5,3,25,92.7879
S7,Garden waste,Food Waste,6.23,2.92,72.07,26.18,1,30.2564,28.013,28.4039,7.39935,4.75246,0,Radish,0.5,3,25,93.9545
S7,Garden waste,Food Waste,6.23,2.92,72.07,26.18,1,33.2051,28.4039,28.7948,7.30195,4.71311,0,Radish,0.5,3,25,94.5909
S7,Garden waste,Food Waste,6.23,2.92,72.07,26.18,1,36.1538,28.5993,28.7948,7.39935,4.66393,0,Radish,0.5,3,25,95.0152
S7,Garden waste,Food Waste,6.23,2.92,72.07,26.18,1,39.2308,28.2085,28.2085,7.30195,4.64426,0,Radish,0.5,3,25,95.3333
S7,Garden waste,Food Waste,6.23,2.92,72.07,26.18,1,42.0513,27.6221,28.4039,7.30195,4.62459,0,Radish,0.5,3,25,95.8636
S7,Garden waste,Food Waste,6.23,2.92,72.07,26.18,1,45.3846,28.4039,28.9902,7.30195,4.61475,0,Radish,0.5,3,25,96.1818
S8,Food Waste,Garbage,4.84,2.14,55,17.3,1,0,29,15.7484,4.81731,2.08952,0.1,cress,0.05,2,25,2.6178
S8,Food Waste,Garbage,4.84,2.14,55,17.3,1,2.00019,29,37.5364,4.34856,2.31878,0.1,cress,0.05,2,25,6.28272
S8,Food Waste,Garbage,4.84,2.14,55,17.3,1,3.97816,29,37.5364,4.51683,2.52838,0.1,cress,0.05,2,25,31.4136
S8,Food Waste,Garbage,4.84,2.14,55,17.3,1,5.9863,29,43.6902,4.96154,2.80349,0.1,cress,0.05,2,25,28.2723
S8,Food Waste,Garbage,4.84,2.14,55,17.3,1,7.99599,29,48.6798,5.1899,3.17031,0.1,cress,0.05,2,25,33.5079
S8,Food Waste,Garbage,4.84,2.14,55,17.3,1,9.97028,29,49.262,5.88702,3.41266,0.1,cress,0.05,2,25,25.6545
S8,Food Waste,Garbage,4.84,2.14,55,17.3,1,11.9766,29,46.1019,7.1851,4.06769,0.1,cress,0.05,2,25,44.7644
S8,Food Waste,Garbage,4.84,2.14,55,17.3,1,13.9491,29,34.9584,7.38942,4.10699,0.1,cress,0.05,2,25,54.1885
S8,Food Waste,Garbage,4.84,2.14,55,17.3,1,15.9597,29,29.7193,7.36538,3.94978,0.1,cress,0.05,2,25,29.5812
S8,Food Waste,Garbage,4.84,2.14,60,17.3,1,0,29,15.9979,4.94952,1.98472,0.1,cress,0.05,2,25,3.40314
S8,Food Waste,Garbage,4.84,2.14,60,17.3,1,2.00332,29,37.3701,4.19231,2.16812,0.1,cress,0.05,2,25,13.8743
S8,Food Waste,Garbage,4.84,2.14,60,17.3,1,3.98098,29,39.4491,4.46875,2.29913,0.1,cress,0.05,2,25,28.534
S8,Food Waste,Garbage,4.84,2.14,60,17.3,1,5.99218,29,49.1788,4.58894,2.41048,0.1,cress,0.05,2,25,26.4398
S8,Food Waste,Garbage,4.84,2.14,60,17.3,1,7.9709,29,49.9272,4.74519,2.43668,0.1,cress,0.05,2,25,39.5288
S8,Food Waste,Garbage,4.84,2.14,60,17.3,1,9.97484,29,50.7588,6.93269,2.9476,0.1,cress,0.05,2,25,47.1204
S8,Food Waste,Garbage,4.84,2.14,60,17.3,1,11.9807,29,49.1788,7.8101,4.06769,0.1,cress,0.05,2,25,57.0681
S8,Food Waste,Garbage,4.84,2.14,60,17.3,1,13.9906,29,37.4532,8.11058,3.71397,0.1,cress,0.05,2,25,65.445
S8,Food Waste,Garbage,4.84,2.14,60,17.3,1,15.9647,29,29.2204,7.83413,4.00873,0.1,cress,0.05,2,25,44.2408
S8,Food Waste,Garbage,4.84,2.14,65,17.3,1,0,29,15.9979,4.67308,1.77511,0.1,cress,0.05,2,25,5.2356
S8,Food Waste,Garbage,4.84,2.14,65,17.3,1,2.00519,29,37.4532,4.19231,1.94541,0.1,cress,0.05,2,25,21.7277
S8,Food Waste,Garbage,4.84,2.14,65,17.3,1,3.98411,29,42.4428,4.75721,2.07642,0.1,cress,0.05,2,25,45.0262
S8,Food Waste,Garbage,4.84,2.14,65,17.3,1,5.99387,29,48.1809,5.1899,2.29258,0.1,cress,0.05,2,25,32.199
S8,Food Waste,Garbage,4.84,2.14,65,17.3,1,7.96577,29,48.8462,7.65385,3.16376,0.1,cress,0.05,2,25,70.9424
S8,Food Waste,Garbage,4.84,2.14,65,17.3,1,10.0079,29,46.4345,8.25481,3.36026,0.1,cress,0.05,2,25,45.5497
S8,Food Waste,Garbage,4.84,2.14,65,17.3,1,11.9904,29,38.7006,8.35096,3.52402,0.1,cress,0.05,2,25,54.9738
S8,Food Waste,Garbage,4.84,2.14,65,17.3,1,13.9966,29,34.21,8.35096,3.37991,0.1,cress,0.05,2,25,41.0995
S8,Food Waste,Garbage,4.84,2.14,65,17.3,1,16.0012,29,29.553,8.25481,3.62882,0.1,cress,0.05,2,25,31.9372
S9,Food Waste,Cornstalks,5.01,1.78,58.8,22.1,0,0.097629,25.6036,26.0559,5.01,1.78,0.2,pakchoi,0.1,3,20,38.3
S9,Food Waste,Cornstalks,5.01,1.78,58.8,22.1,0,4.00279,29.6353,63.6335,5.21,2.15,0.2,pakchoi,0.1,3,20,35.4
S9,Food Waste,Cornstalks,5.01,1.78,58.8,22.1,0,6.98047,31.3836,60.528,7.39,1.8,0.2,pakchoi,0.1,3,20,20.5
S9,Food Waste,Cornstalks,5.01,1.78,58.8,22.1,0,14.0098,32.5113,56.646,7.91,1.7,0.2,pakchoi,0.1,3,20,76.9
S9,Food Waste,Cornstalks,5.01,1.78,58.8,22.1,0,21.0391,29.7129,51.8323,8.08,1.83,0.2,pakchoi,0.1,3,20,104.3
S9,Food Waste,Cornstalks,5.01,1.78,58.8,22.1,0,28.0683,26.3092,35.0621,8.06,1.8,0.2,pakchoi,0.1,3,20,114.7
S9,Food Waste,Cornstalks,5.01,1.78,58.8,22.1,0,35,23.9952,28.8509,8.04,1.76,0.2,pakchoi,0.1,3,20,122.9
S9,Food Waste,Cornstalks,4.43,2.84,58.8,18.2,1,0,25.6036,25.7453,4.43,2.84,0.2,pakchoi,0.1,3,20,43.9
S9,Food Waste,Cornstalks,4.43,2.84,58.8,18.2,1,4.00279,29.6353,54.7826,5.6,2.59,0.2,pakchoi,0.1,3,20,38
S9,Food Waste,Cornstalks,4.43,2.84,58.8,18.2,1,6.98047,31.3836,61.6149,7.1,2.63,0.2,pakchoi,0.1,3,20,23.4
S9,Food Waste,Cornstalks,4.43,2.84,58.8,18.2,1,14.0098,32.5113,59.5963,7.69,2.63,0.2,pakchoi,0.1,3,20,66.8
S9,Food Waste,Cornstalks,4.43,2.84,58.8,18.2,1,20.9902,29.7129,49.9689,7.6,2.45,0.2,pakchoi,0.1,3,20,79.9
S9,Food Waste,Cornstalks,4.43,2.84,58.8,18.2,1,28.0683,26.3092,37.7019,7.65,2.3,0.2,pakchoi,0.1,3,20,83.9
S9,Food Waste,Cornstalks,4.43,2.84,58.8,18.2,1,35,23.9952,30.8696,7.63,2.09,0.2,pakchoi,0.1,3,20,103.3
S9,Food Waste,Cornstalks,4.28,2.28,58.8,19.1,1,0.0488145,25.6036,25.7453,4.28,2.28,0.2,pakchoi,0.1,3,20,45.1
S9,Food Waste,Cornstalks,4.28,2.28,58.8,19.1,1,4.00279,25.6036,51.3665,5.15,2.26,0.2,pakchoi,0.1,3,20,40.8
S9,Food Waste,Cornstalks,4.28,2.28,58.8,19.1,1,6.98047,25.6036,55.8696,6.04,2.15,0.2,pakchoi,0.1,3,20,31.5
S9,Food Waste,Cornstalks,4.28,2.28,58.8,19.1,1,14.0098,25.6036,56.8012,7.8,2.13,0.2,pakchoi,0.1,3,20,64.1
S9,Food Waste,Cornstalks,4.28,2.28,58.8,19.1,1,21.0391,25.6036,55.4037,7.76,2.21,0.2,pakchoi,0.1,3,20,88.6
S9,Food Waste,Cornstalks,4.28,2.28,58.8,19.1,1,28.0195,25.6036,37.5466,7.8,2.33,0.2,pakchoi,0.1,3,20,90.1
S9,Food Waste,Cornstalks,4.28,2.28,58.8,19.1,1,35.0488,25.6036,28.0745,7.79,2.4,0.2,pakchoi,0.1,3,20,94.5
S10,Food Waste,sawdust,8.3,11.8,72.5,7.7,0,0,23,23.4093,8.80731,11.7096,0.004167,cress,0.2,3,25,0
S10,Food Waste,sawdust,8.3,11.8,72.5,7.7,0,3.00908,23,64.9114,8.4962,9.00878,0.004167,cress,0.2,3,25,0.233358
S10,Food Waste,sawdust,8.3,11.8,72.5,7.7,0,6.99741,23,65.384,8.70398,7.40878,0.004167,cress,0.2,3,25,8.06244
S10,Food Waste,sawdust,8.3,11.8,72.5,7.7,0,11.0246,23,64.0844,8.55734,5.87293,0.004167,cress,0.2,3,25,1.06409
S10,Food Waste,sawdust,8.3,11.8,72.5,7.7,0,15.013,23,64.5738,8.48804,4.84356,0.004167,cress,0.2,3,25,19.1507
S10,Food Waste,sawdust,8.3,11.8,72.5,7.7,0,21.9909,23,64.6751,8.36503,4.84435,0.004167,cress,0.2,3,25,39.246
S10,Food Waste,sawdust,8.3,11.8,72.5,7.7,0,28.9948,23,64.27,7.79194,5.27395,0.004167,cress,0.2,3,25,60.8866
S10,Food Waste,mature compost,8.09,8.5,53.5,8.8,0,0.0194553,23,23.2574,8.09705,8.50872,0.004167,cress,0.2,3,25,0
S10,Food Waste,mature compost,8.09,8.5,53.5,8.8,0,3.02205,23,63.5781,8.39493,8.10051,0.004167,cress,0.2,3,25,0.101871
S10,Food Waste,mature compost,8.09,8.5,53.5,8.8,0,7.01686,23,64.962,8.00778,7.90512,0.004167,cress,0.2,3,25,0.237776
S10,Food Waste,mature compost,8.09,8.5,53.5,8.8,0,11.0311,23,64.5063,8.14243,6.67316,0.004167,cress,0.2,3,25,8.16546
S10,Food Waste,mature compost,8.09,8.5,53.5,8.8,0,15.0259,23,63.0211,8.18424,6.30557,0.004167,cress,0.2,3,25,26.0548
S10,Food Waste,mature compost,8.09,8.5,53.5,8.8,0,22.0104,23,65.9072,8.0992,5.41835,0.004167,cress,0.2,3,25,37.2406
S10,Food Waste,mature compost,8.09,8.5,53.5,8.8,0,29.0078,23,64.6582,7.96915,5.42589,0.004167,cress,0.2,3,25,65.1277
S10,sawdust,Food Waste,8.5,3,54.7,28.9,0,0,23,23.3418,8.50352,2.93754,0.004167,cress,0.2,3,25,0
S10,sawdust,Food Waste,8.5,3,54.7,28.9,0,2.99611,23,57.2827,8.10661,3.29578,0.004167,cress,0.2,3,25,7.17037
S10,sawdust,Food Waste,8.5,3,54.7,28.9,0,7.01686,23,53.9916,8.01059,3.21519,0.004167,cress,0.2,3,25,35.1528
S10,sawdust,Food Waste,8.5,3,54.7,28.9,0,11.0246,23,56.8945,8.02569,3.08734,0.004167,cress,0.2,3,25,80.0998
S10,sawdust,Food Waste,8.5,3,54.7,28.9,0,15.0259,23,54.1603,7.87763,3.21272,0.004167,cress,0.2,3,25,77.0137
S10,sawdust,Food Waste,8.5,3,54.7,28.9,0,21.9974,23,49.1814,7.68711,2.9569,0.004167,cress,0.2,3,25,84.057
S10,sawdust,Food Waste,8.5,3,54.7,28.9,0,29.0272,23,37.6034,7.56971,3.34598,0.004167,cress,0.2,3,25,84.6236
S10,sawdust,Food Waste,7.9,2.9,56.2,28.7,1,0.000373883,23,23.4599,7.90436,3.00844,0.004167,cress,0.2,3,25,0
S10,sawdust,Food Waste,7.9,2.9,56.2,28.7,1,2.99245,23,52.0996,7.89705,3.13708,0.004167,cress,0.2,3,25,26.9622
S10,sawdust,Food Waste,7.9,2.9,56.2,28.7,1,7.01206,23,49.5994,7.60272,3.27259,0.004167,cress,0.2,3,25,73.0926
S10,sawdust,Food Waste,7.9,2.9,56.2,28.7,1,11.0185,23,45.4115,8.01163,3.21903,0.004167,cress,0.2,3,25,78.9819
S10,sawdust,Food Waste,7.9,2.9,56.2,28.7,1,15.0194,23,49.2743,7.68495,2.58132,0.004167,cress,0.2,3,25,77.9671
S10,sawdust,Food Waste,7.9,2.9,56.2,28.7,1,21.9884,23,40.8146,7.83057,3.07507,0.004167,cress,0.2,3,25,84.1557
S10,sawdust,Food Waste,7.9,2.9,56.2,28.7,1,29.0098,23,36.3719,7.46845,2.71458,0.004167,cress,0.2,3,25,105.796
S11,Food Waste,sawdust,11,4.6,57.5,25,1,0.00459128,20,24.7014,11.6125,4.6815,0,cress,0.2,2,25,0.578098
S11,Food Waste,sawdust,11,4.6,57.5,25,1,2.96107,20,44.2709,7.4173,4.61007,0,cress,0.2,2,25,0.224533
S11,Food Waste,sawdust,11,4.6,57.5,25,1,6.96752,20,60.3671,6.50685,5.18531,0,cress,0.2,2,25,0.18308
S11,Food Waste,sawdust,11,4.6,57.5,25,1,13.9136,20,64.2223,8.53776,5.72946,0,cress,0.2,2,25,0.188216
S11,Food Waste,sawdust,11,4.6,57.5,25,1,20.9608,20,31.104,8.39701,5.34075,0,cress,0.2,2,25,4.7734
S11,Food Waste,sawdust,11,4.6,57.5,25,1,27.9534,20,26.1584,8.23806,5.05482,0,cress,0.2,2,25,33.7262
S11,Food Waste,sawdust,11,4.6,57.5,25,1,41.8807,20,24.8486,8.83823,4.67811,0,cress,0.2,2,25,77.8918
S11,Food Waste,sawdust,11,4.6,57.5,25,1,55.9976,20,23.2115,8.91305,4.66181,0,cress,0.2,2,25,131.04
S11,Food Waste,sawdust,11.7,4.8,57.5,25,1,0,20,28.5359,11.7737,4.85454,0,cress,0.2,2,25,0
S11,Food Waste,sawdust,11.7,4.8,57.5,25,1,2.904,20,60.2829,7.18583,4.18202,0,cress,0.2,2,25,0.135592
S11,Food Waste,sawdust,11.7,4.8,57.5,25,1,7.19689,20,61.7439,6.44963,4.97324,0,cress,0.2,2,25,0.183036
S11,Food Waste,sawdust,11.7,4.8,57.5,25,1,14.0574,20,59.486,8.88886,5.31572,0,cress,0.2,2,25,0.27714
S11,Food Waste,sawdust,11.7,4.8,57.5,25,1,20.9243,20,29.2521,8.66749,5.79352,0,cress,0.2,2,25,1.12712
S11,Food Waste,sawdust,11.7,4.8,57.5,25,1,28.0376,20,24.9621,8.77642,5.00928,0,cress,0.2,2,25,3.88929
S11,Food Waste,sawdust,11.7,4.8,57.5,25,1,41.8686,20,23.2933,9.11912,4.99297,0,cress,0.2,2,25,26.9777
S11,Food Waste,sawdust,11.7,4.8,57.5,25,1,55.9976,20,23.8663,9.14452,4.95325,0,cress,0.2,2,25,126.771
S11,Food Waste,sawdust,11,4.4,57.5,26,1,0.0225268,20,28.3029,11.199,4.48113,0,cress,0.2,2,25,0.01
S11,Food Waste,sawdust,11,4.4,57.5,26,1,2.99606,20,41.5962,6.85033,4.55543,0,cress,0.2,2,25,0.0466587
S11,Food Waste,sawdust,11,4.4,57.5,26,1,7.00582,20,64.6139,8.07772,4.32401,0,cress,0.2,2,25,0.138561
S11,Food Waste,sawdust,11,4.4,57.5,26,1,13.9891,20,52.5321,8.6964,4.99306,0,cress,0.2,2,25,0.188242
S11,Food Waste,sawdust,11,4.4,57.5,26,1,21.0287,20,47.1296,8.45943,4.34413,0,cress,0.2,2,25,33.8545
S11,Food Waste,sawdust,11,4.4,57.5,26,1,27.9895,20,38.1091,8.16264,3.72773,0,cress,0.2,2,25,63.4299
S11,Food Waste,sawdust,11,4.4,57.5,26,1,41.9786,20,22.2783,8.77321,3.95212,0,cress,0.2,2,25,96.7901
S11,Food Waste,sawdust,11,4.4,57.5,26,1,56.0128,20,22.7367,8.88704,3.9189,0,cress,0.2,2,25,132.196
S11,Food Waste,sawdust,5.6,2.5,57.5,26,0,0.0112634,20,19.7408,5.63849,2.56857,0,cress,0.2,2,25,0.222367
S11,Food Waste,sawdust,5.6,2.5,57.5,26,0,3.01858,20,53.105,5.46671,3.82292,0,cress,0.2,2,25,0.0911164
S11,Food Waste,sawdust,5.6,2.5,57.5,26,0,7.01708,20,25.0123,4.73052,5.15149,0,cress,0.2,2,25,0.0496284
S11,Food Waste,sawdust,5.6,2.5,57.5,26,0,14.0004,20,58.704,6.0176,5.98187,0,cress,0.2,2,25,0.099283
S11,Food Waste,sawdust,5.6,2.5,57.5,26,0,21.0062,20,59.0477,8.53745,6.40502,0,cress,0.2,2,25,0.237879
S11,Food Waste,sawdust,5.6,2.5,57.5,26,0,28.0458,20,24.7831,8.27707,4.34704,0,cress,0.2,2,25,26.3894
S11,Food Waste,sawdust,5.6,2.5,57.5,26,0,42.0011,20,23.146,8.89805,4.57533,0,cress,0.2,2,25,37.294
S11,Food Waste,sawdust,5.6,2.5,57.5,26,0,55.979,20,21.1651,8.73359,4.54471,0,cress,0.2,2,25,40.5949
S11,Food Waste,sawdust,11,4.3,57.5,26,1,0.0337901,20,32.985,11.0143,4.3198,0,cress,0.2,2,25,0.222341
S11,Food Waste,sawdust,11,4.3,57.5,26,1,2.96227,20,29.6289,7.99987,4.74408,0,cress,0.2,2,25,0.135609
S11,Food Waste,sawdust,11,4.3,57.5,26,1,7.00582,20,63.2387,6.32739,5.28029,0,cress,0.2,2,25,0.138552
S11,Food Waste,sawdust,11,4.3,57.5,26,1,13.9778,20,59.5553,8.66779,4.38286,0,cress,0.2,2,25,0.188216
S11,Food Waste,sawdust,11,4.3,57.5,26,1,21.04,20,51.0914,8.40221,4.48465,0,cress,0.2,2,25,17.5353
S11,Food Waste,sawdust,11,4.3,57.5,26,1,28.0008,20,26.1255,8.34209,3.86434,0,cress,0.2,2,25,25.2777
S11,Food Waste,sawdust,11,4.3,57.5,26,1,41.9899,20,22.4911,8.85904,4.09264,0,cress,0.2,2,25,79.4037
S11,Food Waste,sawdust,11,4.3,57.5,26,1,55.9452,20,23.5225,8.91825,4.04771,0,cress,0.2,2,25,157.675